GSM1705375	GSM1705377
ENST00000624081	0.0	0.0
ENST00000612610	0.0	0.0
ENST00000620481	0.0	0.0
ENST00000623960	105.792916	123.332113
ENST00000623903	0.0	0.0
ENST00000623795	0.0	0.0
ENST00000623188	0.0	0.0
ENST00000624810	0.0	0.0
ENST00000625036	0.0	0.0
ENST00000620015	0.0	2083.111924
ENST00000620528	2072.852134	1496.625514
ENST00000623476	299.955461	0.0
ENST00000624120	0.0	0.0
ENST00000624748	600.627082	0.0
ENST00000624648	0.0	0.0
ENST00000623810	0.0	0.0
ENST00000624714	284.503283	244.044608
ENST00000623390	0.0	0.0
ENST00000622915	129.518856	0.0
ENST00000617716	460.930603	673.1721110000001
ENST00000632537	0.0	0.0
ENST00000623011	0.0	0.0
ENST00000624312	0.0	0.0
ENST00000633442	0.0	0.0
ENST00000633593	0.0	0.0
ENST00000634020	0.0	0.0
ENST00000634021	0.0	0.0
ENST00000623998	311.051714	448.689007
ENST00000623744	0.0	0.0
ENST00000623753	0.0	0.0
ENST00000624261	0.0	0.0
ENST00000624859	296.213115	0.0
ENST00000623227	0.0	0.0
ENST00000619252	0.0	0.0
ENST00000623449	0.0	0.0
ENST00000623436	0.0	0.0
ENST00000624627	0.0	0.0
ENST00000624368	0.0	0.0
ENST00000623914	0.0	0.0
ENST00000624516	107.239286	0.0
ENST00000624412	0.0	0.0
ENST00000622939	0.0	0.0
ENST00000623050	0.0	0.0
ENST00000624444	139.4909	121.634927
ENST00000623887	0.0	0.0
ENST00000611026	544.720492	146.375645
ENST00000610788	0.0	0.0
ENST00000624506	0.0	94.345494
ENST00000623587	0.0	0.0
ENST00000623723	0.0	0.0
ENST00000464664	0.0	0.0
ENST00000623928	0.0	0.0
ENST00000624240	0.0	0.0
ENST00000624561	0.0	0.0
ENST00000624105	0.0	0.0
ENST00000624113	0.0	0.0
ENST00000623161	0.0	0.0
ENST00000623549	0.0	0.0
ENST00000623983	0.0	0.0
ENST00000623297	33.967122	0.0
ENST00000624872	0.0	14.043013
ENST00000613488	243.32324900000003	159.13358200000002
ENST00000624077	0.0	0.0
ENST00000616522	0.0	0.0
ENST00000621924	0.0	0.0
ENST00000619488	0.0	0.0
ENST00000617746	0.0	0.0
ENST00000624446	0.0	0.0
ENST00000623405	0.0	0.0
ENST00000623575	0.0	0.0
ENST00000623506	0.0	190.910806
ENST00000624484	0.0	0.0
ENST00000623377	0.0	0.0
ENST00000624576	92.561854	0.0
ENST00000623738	0.0	0.0
ENST00000623989	777.726042	0.0
ENST00000624165	0.0	0.0
ENST00000624847	0.0	66.503221
ENST00000615262	0.0	0.0
ENST00000624691	269.90303	48.601239
ENST00000624406	0.0	0.0
ENST00000398168	3659.305206000001	4988.708178
ENST00000618024	0.0	0.0
ENST00000617706	0.0	0.0
ENST00000624934	0.0	0.0
ENST00000622914	178.26324499999998	1002.424507
ENST00000624808	0.0	0.0
ENST00000623939	0.0	0.0
ENST00000624921	0.0	0.0
ENST00000637320	0.0	0.0
ENST00000623375	205.089126	185.247986
ENST00000610664	12188.452208	10224.770206
ENST00000620065	356.434277	0.0
ENST00000636923	776.320804	632.629223
ENST00000624739	480.021265	327.027627
ENST00000619610	4995.635932	2365.243989
ENST00000636315	0.0	0.0
ENST00000637031	0.0	0.0
ENST00000636177	225.140456	216.28298
ENST00000636403	0.0	0.0
ENST00000624353	0.0	0.0
ENST00000623061	0.0	0.0
ENST00000623896	0.0	0.0
ENST00000619537	0.0	0.0
ENST00000624019	0.0	0.0
ENST00000624901	0.0	0.0
ENST00000624932	0.0	0.0
ENST00000623047	9.135631	53.881221
ENST00000623106	79.819866	196.998676
ENST00000625185	0.0	0.0
ENST00000624846	373.26787	125.791214
ENST00000623313	0.0	0.0
ENST00000623950	0.0	0.0
ENST00000624965	123.869273	0.0
ENST00000623225	0.0	0.0
ENST00000623324	0.0	0.0
ENST00000624181	619.974316	497.857489
ENST00000624266	0.0	0.0
ENST00000623809	0.0	0.0
ENST00000623892	112.174091	213.081518
ENST00000623678	0.0	0.0
ENST00000624937	0.0	0.0
ENST00000616627	0.0	0.0
ENST00000623131	0.0	0.0
ENST00000623720	0.0	0.0
ENST00000623165	107.993242	357.961317
ENST00000624519	643.464712	123.953516
ENST00000623347	0.0	275.93136400000003
ENST00000624728	0.0	880.224143
ENST00000623518	0.0	0.0
ENST00000625184	0.0	0.0
ENST00000623095	0.0	0.0
ENST00000622911	0.0	0.0
ENST00000621909	0.0	0.0
ENST00000623394	0.0	0.0
ENST00000624310	0.0	0.0
ENST00000615804	0.0	0.0
ENST00000617336	0.0	0.0
ENST00000624153	142.85746	0.0
ENST00000623962	0.0	0.0
ENST00000624595	0.0	0.0
ENST00000624042	0.0	0.0
ENST00000617062	0.0	0.0
ENST00000625096	0.0	409.031401
ENST00000624791	0.0	0.0
ENST00000624907	0.0	0.0
ENST00000624461	1318.746607	1063.04563
ENST00000625115	0.0	0.0
ENST00000610988	0.0	0.0
ENST00000613803	0.0	0.0
ENST00000624906	0.0	297.774277
ENST00000619005	0.0	0.0
ENST00000623374	6e-06	6e-06
ENST00000624633	0.0	0.0
ENST00000623190	0.0	0.0
ENST00000623637	0.0	0.0
ENST00000623783	0.0	0.0
ENST00000625005	0.0	0.0
ENST00000623797	0.0	0.0
ENST00000623643	0.0	0.0
ENST00000624534	0.0	0.0
ENST00000622934	353.525175	0.0
ENST00000619874	3907.710509000001	2805.559009
ENST00000612624	0.0	0.0
ENST00000624304	0.0	0.0
ENST00000624758	0.0	0.0
ENST00000623661	0.0	0.0
ENST00000613894	0.0	223.097901
ENST00000624951	0.0	0.0
ENST00000622690	0.0	0.0
ENST00000618699	0.0	0.0
ENST00000623803	0.0	0.0
ENST00000617668	0.0	0.0
ENST00000619030	0.0	0.0
ENST00000624806	21.124633	0.0
ENST00000623664	0.0	148.22731299999998
ENST00000616420	0.0	0.0
ENST00000610482	0.0	0.0
ENST00000615959	0.0	0.0
ENST00000614492	0.0	0.0
ENST00000631211	10677.509405	12794.518837
ENST00000612463	0.0	0.0
ENST00000616483	0.0	0.0
ENST00000618423	0.0	0.0
ENST00000629969	0.0	0.0
ENST00000610460	0.0	0.0
ENST00000623860	145.202791	0.0
ENST00000622482	0.0	0.0
ENST00000612139	0.0	0.0
ENST00000625598	9879.027437	12136.41703
ENST00000613359	0.0	0.0
ENST00000617390	0.0	0.0
ENST00000619112	0.0	0.0
ENST00000627981	9813.815423	11605.850831
ENST00000619471	26796.680704	74157.316923
ENST00000625020	0.0	0.0
ENST00000624852	0.0	0.0
ENST00000625098	0.0	0.0
ENST00000623794	0.0	0.0
ENST00000624813	0.0	0.0
ENST00000625014	0.0	0.0
ENST00000624263	53.064964	0.0
ENST00000624291	31.718922	28.333393
ENST00000581792	0.0	0.0
ENST00000577708	0.0	0.0
ENST00000623236	0.0	0.0
ENST00000623182	0.0	127.613907
ENST00000623201	2707.926495	2417.530179
ENST00000416067	262.58988700000003	350.972793
ENST00000559466	94.485335	52.097292
ENST00000624968	146.408656	653.4850759999999
ENST00000623217	0.0	0.0
ENST00000622961	0.0	134.580828
ENST00000622995	495.243104	444.093084
ENST00000625153	0.0	0.0
ENST00000624052	0.0	0.0
ENST00000623409	0.0	0.0
ENST00000624162	0.0	0.0
ENST00000624821	410.646284	0.0
ENST00000624041	80.890243	0.0
ENST00000624736	0.0	0.0
ENST00000623408	0.0	0.0
ENST00000620684	0.0	0.0
ENST00000623554	0.0	0.0
ENST00000623919	0.0	0.0
ENST00000623933	0.0	0.0
ENST00000623929	0.0	0.0
ENST00000624130	0.0	0.0
ENST00000584271	0.0	0.0
ENST00000516390	0.0	0.0
ENST00000624226	0.0	0.0
ENST00000623559	0.0	0.0
ENST00000625012	0.0	0.0
ENST00000604687	0.0	0.0
ENST00000624662	0.0	0.0
ENST00000623370	27.257763	0.0
ENST00000623954	0.0	207.871403
ENST00000622592	0.0	0.0
ENST00000616952	0.0	0.0
ENST00000613970	1749.0652670000002	1901.947866
ENST00000619242	0.0	0.0
ENST00000612331	0.0	0.0
ENST00000474011	0.0	0.0
ENST00000470054	0.0	0.0
ENST00000496773	79.553422	152.198045
ENST00000612267	0.0	19.513661
ENST00000622113	0.0	0.0
ENST00000612957	0.0	0.0
ENST00000618007	0.0	0.0
ENST00000427445	0.0	0.0
ENST00000612746	0.0	0.0
ENST00000616920	0.0	0.0
ENST00000614260	391.62665	350.71274700000004
ENST00000611755	0.0	0.0
ENST00000622028	0.0	0.0
ENST00000457565	0.0	0.0
ENST00000447861	0.0	0.0
ENST00000435744	0.0	0.0
ENST00000507941	0.0	0.0
ENST00000471407	0.0	0.0
ENST00000384369	0.0	0.0
ENST00000427301	0.0	0.0
ENST00000424255	0.0	0.0
ENST00000624445	0.0	0.0
ENST00000332473	0.0	667.567616
ENST00000451052	0.0	0.0
ENST00000580304	0.0	0.0
ENST00000424290	0.0	0.0
ENST00000407739	0.0	0.0
ENST00000444901	68.70804	15.342735
ENST00000431829	0.0	0.0
ENST00000427446	0.0	0.0
ENST00000406538	0.0	0.0
ENST00000620442	0.0	0.0
ENST00000299443	0.0	0.0
ENST00000384745	0.0	0.0
ENST00000581787	0.0	0.0
ENST00000613704	0.0	0.0
ENST00000435181	0.0	45.939763
ENST00000398098	0.0	0.0
ENST00000624520	0.0	0.0
ENST00000619798	0.0	0.0
ENST00000621412	0.0	0.0
ENST00000431297	846.895075	449.163421
ENST00000444356	0.0	0.0
ENST00000311003	621.502142	384.370085
ENST00000443486	0.0	0.0
ENST00000433312	0.0	0.0
ENST00000400583	0.0	0.0
ENST00000453500	0.0	0.0
ENST00000428301	130.73116000000002	0.0
ENST00000420685	0.0	0.0
ENST00000436765	0.0	0.0
ENST00000412442	0.0	0.0
ENST00000442192	0.0	0.0
ENST00000451663	48.196111	60.787576
ENST00000366423	1175.301063	1313.14837
ENST00000428576	236.590267	0.0
ENST00000432875	0.0	0.0
ENST00000429521	0.0	0.0
ENST00000344693	0.0	0.0
ENST00000411355	0.0	0.0
ENST00000457709	519.2864440000001	0.0
ENST00000450880	43.735028	39.068812
ENST00000613317	0.0	0.0
ENST00000428809	0.0	0.0
ENST00000432621	0.0	0.0
ENST00000448463	79.29523	141.657973
ENST00000359341	150.500279	0.0
ENST00000364942	0.0	0.0
ENST00000613590	0.0	0.0
ENST00000344577	0.0	0.0
ENST00000536861	0.0	0.0
ENST00000614229	0.0	0.0
ENST00000433806	0.0	105.980232
ENST00000400211	0.0	0.0
ENST00000468643	238.581774	0.0
ENST00000468788	0.0	0.0
ENST00000495055	0.0	0.0
ENST00000461088	0.0	0.0
ENST00000400577	0.0	171.209517
ENST00000475864	0.0	0.0
ENST00000429114	0.0	0.0
ENST00000482980	0.0	0.0
ENST00000481582	0.0	0.0
ENST00000467409	0.0	0.0
ENST00000471902	0.0	0.0
ENST00000463099	0.0	0.0
ENST00000285667	885.5900730000001	745.806339
ENST00000478035	0.0	0.0
ENST00000400564	0.0	0.0
ENST00000400566	0.0	0.0
ENST00000285670	0.0	0.0
ENST00000619120	0.0	0.0
ENST00000463807	0.0	0.0
ENST00000493640	0.0	0.0
ENST00000449214	0.0	0.0
ENST00000435732	0.0	0.0
ENST00000400562	0.0	0.0
ENST00000469393	0.0	0.0
ENST00000467280	0.0	0.0
ENST00000455253	0.0	27.76753
ENST00000454128	0.0	0.0
ENST00000453699	0.0	0.0
ENST00000435315	0.0	0.0
ENST00000448152	0.0	0.0
ENST00000432230	9.043585	7.486424
ENST00000630354	126.05652	0.0
ENST00000593619	0.0	0.0
ENST00000627623	0.0	0.0
ENST00000630211	0.0	0.0
ENST00000625278	0.0	0.0
ENST00000454795	0.0	0.0
ENST00000412426	0.0	0.0
ENST00000418954	0.0	0.0
ENST00000430391	0.0	0.0
ENST00000318948	267.93489	169.270134
ENST00000400199	5e-06	5e-06
ENST00000400202	7.000000000000001e-06	6e-06
ENST00000446301	0.0	0.0
ENST00000411932	0.0	0.0
ENST00000638122	0.0	0.0
ENST00000436429	0.0	0.0
ENST00000637963	0.0	0.0
ENST00000637630	0.0	0.0
ENST00000623352	0.0	0.0
ENST00000449746	0.0	0.0
ENST00000623768	0.0	0.0
ENST00000634642	0.0	0.0
ENST00000634644	0.0	0.0
ENST00000634708	0.0	0.0
ENST00000635621	0.0	0.0
ENST00000635225	0.0	0.0
ENST00000449602	0.0	0.0
ENST00000634659	0.0	0.0
ENST00000450823	0.0	0.0
ENST00000433588	0.0	0.0
ENST00000635525	0.0	0.0
ENST00000634853	0.0	0.0
ENST00000635684	0.0	0.0
ENST00000391262	0.0	0.0
ENST00000454157	0.0	0.0
ENST00000285679	332.393132	146.60666899999998
ENST00000351097	0.0	0.0
ENST00000285681	24.88926	143.14818200000002
ENST00000400183	0.0	0.0
ENST00000433427	0.0	0.0
ENST00000547201	0.0	0.0
ENST00000549362	0.0	0.0
ENST00000464435	0.0	63.993433
ENST00000453553	0.0	0.0
ENST00000449491	0.0	0.0
ENST00000478932	24.082117	23.33406
ENST00000635845	0.0	0.0
ENST00000516464	0.0	0.0
ENST00000602580	0.0	0.0
ENST00000619222	0.0	13.044253
ENST00000602935	0.0	0.0
ENST00000400178	0.0	0.0
ENST00000456342	0.0	0.0
ENST00000399358	0.0	0.0
ENST00000418544	0.0	0.0
ENST00000428669	0.0	0.0
ENST00000419952	0.0	0.0
ENST00000445461	0.0	0.0
ENST00000602505	0.0	0.0
ENST00000602901	0.0	231.307623
ENST00000364155	0.0	0.0
ENST00000602921	0.0	0.0
ENST00000602339	0.0	0.0
ENST00000602454	0.0	0.0
ENST00000602892	0.0	0.0
ENST00000418813	0.0	0.0
ENST00000435697	0.0	0.0
ENST00000453910	0.0	0.0
ENST00000602620	0.0	0.0
ENST00000624971	0.0	0.0
ENST00000441820	0.0	0.0
ENST00000602280	0.0	0.0
ENST00000384906	0.0	0.0
ENST00000362160	0.0	0.0
ENST00000602654	0.0	0.0
ENST00000602323	158.873281	0.0
ENST00000385128	0.0	0.0
ENST00000413645	0.0	0.0
ENST00000438762	0.0	0.0
ENST00000602659	0.0	0.0
ENST00000458992	0.0	0.0
ENST00000444868	0.0	0.0
ENST00000430064	0.0	0.0
ENST00000433383	0.0	0.0
ENST00000620221	0.0	0.0
ENST00000516653	0.0	0.0
ENST00000440664	0.0	0.0
ENST00000613691	0.0	0.0
ENST00000445481	0.0	0.0
ENST00000583100	0.0	0.0
ENST00000284878	420.198701	425.183421
ENST00000400166	0.0	0.0
ENST00000356275	0.0	0.0
ENST00000400165	0.0	0.0
ENST00000400169	228.79687400000003	0.0
ENST00000413813	6016.827805	7549.559411
ENST00000363884	0.0	0.0
ENST00000363092	0.0	0.0
ENST00000339775	0.0	339.825312
ENST00000348354	2622.211025	3645.993562
ENST00000471860	0.0	0.0
ENST00000496601	244.16709900000004	0.0
ENST00000464058	0.0	0.0
ENST00000457956	156.65903	0.0
ENST00000626994	0.0	0.0
ENST00000630155	67.929046	39.989705
ENST00000416641	0.0	0.0
ENST00000624164	0.0	0.0
ENST00000430815	0.0	0.0
ENST00000430401	0.0	0.0
ENST00000439392	0.0	0.0
ENST00000284881	265.985185	139.267517
ENST00000400559	0.0	0.0
ENST00000400558	0.0	0.0
ENST00000428689	0.0	0.0
ENST00000405964	0.0	0.0
ENST00000493464	0.0	0.0
ENST00000454737	0.0	0.0
ENST00000482915	0.0	0.0
ENST00000447175	0.0	0.0
ENST00000456825	0.0	0.0
ENST00000400128	0.0	0.0
ENST00000400131	0.0	0.0
ENST00000400135	0.0	0.0
ENST00000400127	0.0	0.0
ENST00000432412	0.0	0.0
ENST00000299295	0.0	0.0
ENST00000543733	0.0	0.0
ENST00000338326	0.0	0.0
ENST00000284885	0.0	0.0
ENST00000422787	0.0	0.0
ENST00000474775	0.0	0.0
ENST00000455391	0.0	0.0
ENST00000437492	0.0	0.0
ENST00000355189	0.0	0.0
ENST00000414582	0.0	0.0
ENST00000416002	0.0	0.0
ENST00000580069	0.0	0.0
ENST00000358455	178188.738486	179376.396014
ENST00000623771	0.0	0.0
ENST00000440372	0.0	0.0
ENST00000449840	0.0	0.0
ENST00000450653	0.0	0.0
ENST00000424219	0.0	0.0
ENST00000413933	0.0	0.0
ENST00000433210	0.0	0.0
ENST00000391307	0.0	0.0
ENST00000448908	0.0	0.0
ENST00000603349	0.0	0.0
ENST00000282964	534.316663	0.0
ENST00000400117	0.0	0.0
ENST00000443479	0.0	0.0
ENST00000436373	0.0	0.0
ENST00000516042	0.0	0.0
ENST00000517154	0.0	0.0
ENST00000425091	0.0	0.0
ENST00000447938	399.774576	277.761902
ENST00000413190	0.0	0.0
ENST00000615444	0.0	0.0
ENST00000416768	0.0	0.0
ENST00000437238	0.0	0.0
ENST00000452561	0.0	0.0
ENST00000435279	0.0	0.0
ENST00000419299	0.0	0.0
ENST00000448832	0.0	0.0
ENST00000400546	0.0	0.0
ENST00000425058	0.0	0.0
ENST00000486367	0.0	0.0
ENST00000284894	0.0	0.0
ENST00000461281	0.0	0.0
ENST00000484983	0.0	0.0
ENST00000428205	0.0	0.0
ENST00000416182	0.0	0.0
ENST00000419069	0.0	0.0
ENST00000425979	0.0	0.0
ENST00000430060	0.0	0.0
ENST00000452500	0.0	0.0
ENST00000416327	0.0	0.0
ENST00000420255	0.0	0.0
ENST00000419467	0.0	0.0
ENST00000419431	0.0	0.0
ENST00000433524	0.0	0.0
ENST00000454567	0.0	0.0
ENST00000365469	0.0	0.0
ENST00000444130	0.0	0.0
ENST00000379571	0.0	0.0
ENST00000441759	0.0	0.0
ENST00000438328	0.0	0.0
ENST00000421604	0.0	0.0
ENST00000619419	0.0	0.0
ENST00000406845	0.0	0.0
ENST00000445341	0.0	0.0
ENST00000411146	0.0	0.0
ENST00000262354	0.0	0.0
ENST00000447052	3911.063672	4252.541846
ENST00000425085	0.0	36.519847
ENST00000362828	0.0	0.0
ENST00000433101	0.0	0.0
ENST00000441465	0.0	0.0
ENST00000447405	0.0	0.0
ENST00000415269	0.0	0.0
ENST00000434859	0.0	0.0
ENST00000448063	0.0	0.0
ENST00000416218	0.0	0.0
ENST00000453784	0.0	15.752068
ENST00000423581	0.0	0.0
ENST00000415182	0.0	0.0
ENST00000441009	0.0	0.0
ENST00000446404	0.0	0.0
ENST00000454182	0.0	0.0
ENST00000441666	0.0	0.0
ENST00000444178	0.0	0.0
ENST00000423389	0.0	0.0
ENST00000424017	0.0	0.0
ENST00000453802	0.0	0.0
ENST00000418942	0.0	0.0
ENST00000410635	0.0	0.0
ENST00000426609	0.0	0.0
ENST00000409758	0.0	0.0
ENST00000410986	0.0	0.0
ENST00000425147	87165.514483	87051.715171
ENST00000624405	0.0	0.0
ENST00000441013	0.0	0.0
ENST00000332587	0.0	0.0
ENST00000440205	0.0	0.0
ENST00000439840	0.0	0.0
ENST00000419694	0.0	0.0
ENST00000456917	0.0	0.0
ENST00000385060	0.0	0.0
ENST00000567517	0.0	0.0
ENST00000352957	4782.529928	4777.735368
ENST00000307301	0.0	0.0
ENST00000419219	0.0	0.0
ENST00000400532	82.76604	0.0
ENST00000480456	0.0	134.521942
ENST00000312957	51.167195	0.0
ENST00000420965	0.0	0.0
ENST00000460679	0.0	0.0
ENST00000450769	0.0	0.0
ENST00000492962	0.0	0.0
ENST00000477351	0.0	0.0
ENST00000471689	0.0	0.0
ENST00000400099	0.0	0.0
ENST00000400094	1294.3434	782.2343490000001
ENST00000284971	12443.733359	6997.412943
ENST00000457143	803.589739	0.0
ENST00000400090	1447.233685	1368.32168
ENST00000400087	1580.193091	1110.4179390000002
ENST00000400093	1716.385619	1714.3651079999995
ENST00000486002	0.0	79.53533900000001
ENST00000354828	366.167359	508.584305
ENST00000400075	1077.385278	648.4330160000001
ENST00000487266	0.0	0.0
ENST00000436405	0.0	0.0
ENST00000346798	1170.444368	0.0
ENST00000354192	0.0	0.0
ENST00000348990	4568.236031	9363.077676
ENST00000357903	9551.684648	2342.67428
ENST00000359726	0.0	0.0
ENST00000440126	0.0	0.0
ENST00000439274	4014.23858	1426.8906
ENST00000464867	0.0	0.0
ENST00000358918	0.0	0.0
ENST00000617755	0.0	0.0
ENST00000456904	0.0	0.0
ENST00000596385	0.0	0.0
ENST00000599572	0.0	0.0
ENST00000597894	0.0	0.0
ENST00000600590	0.0	0.0
ENST00000596669	0.0	0.0
ENST00000516163	0.0	0.0
ENST00000448850	0.0	0.0
ENST00000415997	0.0	168.370934
ENST00000491395	0.0	201.869646
ENST00000474136	0.0	0.0
ENST00000463070	270.777018	0.0
ENST00000548570	0.0	0.0
ENST00000462267	0.0	93.512485
ENST00000466453	0.0	0.0
ENST00000455275	0.0	0.0
ENST00000608591	0.0	23.849477
ENST00000609365	0.0	0.0
ENST00000384075	0.0	0.0
ENST00000435878	0.0	0.0
ENST00000429340	0.0	0.0
ENST00000452460	0.0	0.0
ENST00000421771	0.0	0.0
ENST00000414486	0.0	0.0
ENST00000357401	0.0	0.0
ENST00000444306	0.0	0.0
ENST00000608410	0.0	0.0
ENST00000299340	0.0	0.0
ENST00000400043	0.0	0.0
ENST00000284984	5079.363525	3365.558196
ENST00000464589	622.807672	417.833623
ENST00000492656	0.0	0.0
ENST00000517777	0.0	0.0
ENST00000451462	0.0	0.0
ENST00000517452	0.0	0.0
ENST00000426771	0.0	0.0
ENST00000284987	0.0	4.851405000000001
ENST00000584048	0.0	0.0
ENST00000429271	2220.866232	991.588753
ENST00000420186	0.0	0.0
ENST00000447384	0.0	0.0
ENST00000420241	0.0	0.0
ENST00000447844	44624.257245	39941.968291000005
ENST00000406229	0.0	0.0
ENST00000426418	0.0	0.0
ENST00000411460	0.0	0.0
ENST00000425376	0.0	0.0
ENST00000442550	0.0	0.0
ENST00000433344	0.0	0.0
ENST00000324988	0.0	0.0
ENST00000426534	0.0	0.0
ENST00000458316	0.0	0.0
ENST00000631186	0.0	0.0
ENST00000423808	0.0	0.0
ENST00000616647	0.0	0.0
ENST00000436878	0.0	0.0
ENST00000453420	0.0	0.0
ENST00000609782	0.0	0.0
ENST00000433303	0.0	0.0
ENST00000437194	0.0	0.0
ENST00000433310	0.0	0.0
ENST00000430247	0.0	0.0
ENST00000412526	0.0	0.0
ENST00000455939	0.0	0.0
ENST00000452028	0.0	0.0
ENST00000637157	0.0	0.0
ENST00000303775	173.242433	551.0206459999999
ENST00000351429	421.857283	0.0
ENST00000460212	811.427235	0.0
ENST00000447985	3823.864348	3985.012506
ENST00000400014	0.0	99.173196
ENST00000361371	983.060099	694.1386650000001
ENST00000389194	7.000000000000001e-06	7.000000000000001e-06
ENST00000614971	8e-06	7.000000000000001e-06
ENST00000486427	169.520304	0.0
ENST00000475344	108.656356	0.0
ENST00000389195	27.894485	0.0
ENST00000483326	0.0	0.0
ENST00000320371	964.571243	172.328389
ENST00000493196	144.21612	31.144243
ENST00000486719	0.0	267.840393
ENST00000286777	1086.096974	0.0
ENST00000472184	0.0	606.9047889999999
ENST00000466746	183.908116	263.223274
ENST00000481411	0.0	0.0
ENST00000471269	0.0	0.0
ENST00000608809	0.0	92.761813
ENST00000399975	0.0	469.216626
ENST00000399976	2699.154106	0.0
ENST00000334352	0.0	2892.180791
ENST00000474835	258.223923	212.505648
ENST00000399973	0.0	0.0
ENST00000485067	52.393306	155.636498
ENST00000432178	0.0	0.0
ENST00000540844	221.924636	0.0
ENST00000496121	719.951195	823.718575
ENST00000470450	4123.354573	5082.056131
ENST00000286788	21626.924775	19403.224625
ENST00000626972	0.0	1e-06
ENST00000457162	155.02419	69.236097
ENST00000480359	0.0	0.0
ENST00000475205	235.063709	228.49066800000003
ENST00000431234	0.0	0.0
ENST00000484403	286.93455	103.982101
ENST00000481059	100.450841	199.801161
ENST00000494296	173.517342	0.0
ENST00000496779	0.0	0.0
ENST00000419845	0.0	0.0
ENST00000492930	0.0	0.0
ENST00000341618	0.0	0.0
ENST00000399935	0.0	0.0
ENST00000399934	0.0	0.0
ENST00000399947	0.0	0.0
ENST00000286791	0.0	0.0
ENST00000339024	0.0	0.0
ENST00000545939	0.0	0.0
ENST00000460883	0.0	0.0
ENST00000412942	0.0	0.0
ENST00000399928	0.0	0.0
ENST00000399926	0.0	0.0
ENST00000399925	0.0	0.0
ENST00000451489	0.0	0.0
ENST00000365114	0.0	0.0
ENST00000470800	0.0	0.0
ENST00000391177	0.0	0.0
ENST00000430001	0.0	0.0
ENST00000447125	0.0	0.0
ENST00000420364	0.0	0.0
ENST00000431661	0.0	0.0
ENST00000548219	0.0	0.0
ENST00000550131	0.0	0.0
ENST00000547141	0.0	0.0
ENST00000546469	0.0	0.0
ENST00000450472	0.0	0.0
ENST00000286800	451.929251	682.124192
ENST00000399921	173.541025	0.0
ENST00000548467	0.0	0.0
ENST00000451655	0.0	0.0
ENST00000447177	0.0	0.0
ENST00000435072	0.0	0.0
ENST00000422809	0.0	0.0
ENST00000468059	136.194944	0.0
ENST00000504298	0.0	0.0
ENST00000609910	0.0	0.0
ENST00000449923	0.0	0.0
ENST00000615718	0.0	0.0
ENST00000626681	0.0	140.930746
ENST00000608072	0.0	0.0
ENST00000436529	76.046316	0.0
ENST00000429843	0.0	0.0
ENST00000327783	0.0	0.0
ENST00000389125	0.0	0.0
ENST00000399913	0.0	0.0
ENST00000399914	0.0	0.0
ENST00000389124	0.0	0.0
ENST00000399907	0.0	0.0
ENST00000399909	0.0	0.0
ENST00000462262	0.0	0.0
ENST00000472429	0.0	0.0
ENST00000608759	0.0	0.0
ENST00000455392	0.0	0.0
ENST00000309331	0.0	0.0
ENST00000423221	0.0	0.0
ENST00000412579	0.0	0.0
ENST00000413131	0.0	0.0
ENST00000565564	0.0	0.0
ENST00000286808	0.0	0.0
ENST00000451410	0.0	0.0
ENST00000399899	0.0	0.0
ENST00000430538	2335.452877	1954.540079
ENST00000340345	0.0	0.0
ENST00000416044	0.0	0.0
ENST00000360542	0.0	0.0
ENST00000382835	0.0	0.0
ENST00000334160	0.0	0.0
ENST00000508999	0.0	0.0
ENST00000399889	0.0	0.0
ENST00000581194	0.0	0.0
ENST00000355459	0.0	0.0
ENST00000390690	0.0	0.0
ENST00000334068	0.0	0.0
ENST00000418755	0.0	0.0
ENST00000334067	0.0	0.0
ENST00000390689	101.684662	181.614905
ENST00000334055	0.0	0.0
ENST00000334063	0.0	0.0
ENST00000334058	0.0	0.0
ENST00000334151	0.0	148.66632099999998
ENST00000421795	0.0	0.0
ENST00000445258	0.0	0.0
ENST00000406413	0.0	0.0
ENST00000439851	0.0	0.0
ENST00000334046	0.0	0.0
ENST00000614763	0.0	0.0
ENST00000334849	0.0	0.0
ENST00000382830	0.0	0.0
ENST00000391624	0.0	0.0
ENST00000334897	0.0	0.0
ENST00000334680	0.0	0.0
ENST00000329122	0.0	0.0
ENST00000334664	0.0	0.0
ENST00000382828	0.0	0.0
ENST00000330798	0.0	0.0
ENST00000382826	0.0	0.0
ENST00000444335	0.0	0.0
ENST00000454921	0.0	0.0
ENST00000333892	0.0	0.0
ENST00000335093	0.0	0.0
ENST00000424582	0.0	0.0
ENST00000440620	0.0	0.0
ENST00000423658	0.0	0.0
ENST00000329621	0.0	0.0
ENST00000621162	0.0	0.0
ENST00000332378	0.0	0.0
ENST00000382822	0.0	0.0
ENST00000429033	346.774379	433.651091
ENST00000286827	1005.079691	227.847577
ENST00000423206	0.0	0.0
ENST00000541036	2e-06	2e-06
ENST00000636887	252.796939	357.503901
ENST00000491927	339.222723	268.00173
ENST00000469412	75.110988	0.0
ENST00000455508	0.0	0.0
ENST00000490865	0.0	0.0
ENST00000433071	519.232404	265.024018
ENST00000393804	555.787719	99.295203
ENST00000449339	0.0	104.552657
ENST00000270142	46363.993116000005	45654.434444
ENST00000389995	0.0	0.0
ENST00000476106	0.0	0.0
ENST00000470944	631.4110929999999	341.995203
ENST00000458922	0.0	0.0
ENST00000609934	1107.471465	247.197081
ENST00000286835	0.0	1322.690727
ENST00000399804	1566.059539	1049.06503
ENST00000434667	836.883071	0.0
ENST00000467731	410.350092	61.927203000000006
ENST00000472318	82.55757	227.640157
ENST00000485790	0.0	0.0
ENST00000445197	0.0	0.0
ENST00000610276	95.638902	0.0
ENST00000458495	0.0	0.0
ENST00000270112	240.836962	179.258226
ENST00000430354	0.0	0.0
ENST00000465574	0.0	0.0
ENST00000439107	0.0	0.0
ENST00000437109	0.0	0.0
ENST00000411605	0.0	0.0
ENST00000414877	0.0	0.0
ENST00000565959	29.965945	0.0
ENST00000290130	2785.2584260000003	2211.554892
ENST00000486363	0.0	0.0
ENST00000453549	0.0	72.13290699999999
ENST00000399784	0.0	0.0
ENST00000497833	0.0	0.0
ENST00000303645	0.0	0.0
ENST00000339944	0.0	237.005959
ENST00000450936	0.0	0.0
ENST00000382751	923.458154	735.472521
ENST00000480196	0.0	506.200461
ENST00000492603	0.0	0.0
ENST00000363922	0.0	0.0
ENST00000534991	2560.736938	1176.333415
ENST00000469079	159.012679	0.0
ENST00000459833	0.0	127.724753
ENST00000300255	0.0	0.0
ENST00000435323	0.0	0.0
ENST00000437338	0.0	0.0
ENST00000457807	0.0	265.918854
ENST00000401402	0.0	0.0
ENST00000382699	0.0	368.786054
ENST00000481638	0.0	0.0
ENST00000412833	0.0	0.0
ENST00000464037	0.0	77.63676
ENST00000496615	0.0	0.0
ENST00000485488	263.903746	0.0
ENST00000448649	2055.956963	786.559806
ENST00000516236	0.0	0.0
ENST00000517141	0.0	0.0
ENST00000334165	0.0	73.939406
ENST00000300258	38.247683	27.388532
ENST00000491828	0.0	0.0
ENST00000472557	0.0	126.185141
ENST00000582575	0.0	0.0
ENST00000431216	0.0	0.0
ENST00000553001	177.33463400000002	302.358288
ENST00000431599	0.0	0.0
ENST00000440966	625.049935	726.1818860000001
ENST00000382549	458.324128	701.360299
ENST00000290155	4440.100328	1776.247139
ENST00000425336	767.499368	106.33722
ENST00000300260	0.0	2737.484398
ENST00000483315	286.702958	0.0
ENST00000458138	357.994398	0.0
ENST00000435600	881.009377	639.475855
ENST00000411943	0.0	0.0
ENST00000357345	2e-06	44.721287
ENST00000382491	2e-06	1e-06
ENST00000438952	0.0	79.793547
ENST00000630077	358.713717	259.518548
ENST00000382499	2e-06	2e-06
ENST00000433931	0.0	0.0
ENST00000418301	0.0	0.0
ENST00000467445	0.0	0.0
ENST00000464778	0.0	0.0
ENST00000429236	0.0	0.0
ENST00000456084	0.0	0.0
ENST00000458479	88.36846700000001	47.59732
ENST00000440052	42.064687	63.502518
ENST00000455170	0.0	0.0
ENST00000331923	1372.567632	1340.150898
ENST00000466846	927.540722	707.026756
ENST00000443785	89.830324	79.43859499999999
ENST00000497873	291.12237000000005	369.755536
ENST00000290178	57.18680500000001	67.884814
ENST00000445049	0.0	0.0
ENST00000421049	0.0	0.0
ENST00000472588	0.0	0.0
ENST00000464256	201.225215	181.952095
ENST00000382375	0.0	0.0
ENST00000382377	0.0	0.0
ENST00000454365	0.0	0.0
ENST00000612326	0.0	0.0
ENST00000382378	0.0	0.0
ENST00000491756	0.0	0.0
ENST00000477513	0.0	0.0
ENST00000624800	0.0	0.0
ENST00000490358	0.0	0.0
ENST00000487113	0.0	0.0
ENST00000382373	0.0	0.0
ENST00000479548	0.0	0.0
ENST00000444036	5854.959973	8738.18747
ENST00000384370	0.0	0.0
ENST00000427911	0.0	0.0
ENST00000454622	0.0	0.0
ENST00000424837	0.0	0.0
ENST00000382357	200.536514	214.948713
ENST00000430860	0.0	0.0
ENST00000333337	0.0	0.0
ENST00000453716	0.0	0.0
ENST00000382348	137.523857	266.155357
ENST00000426947	0.0	0.0
ENST00000498799	0.0	0.0
ENST00000421051	0.0	0.0
ENST00000450830	0.0	0.0
ENST00000451980	0.0	0.0
ENST00000637328	0.0	0.0
ENST00000382264	757.44874	856.21451
ENST00000404220	490.234704	320.063556
ENST00000342136	284.434664	213.838042
ENST00000420068	0.0	0.0
ENST00000342101	0.0	0.0
ENST00000382238	0.0	0.0
ENST00000413881	0.0	0.0
ENST00000443073	0.0	0.0
ENST00000447980	0.0	0.0
ENST00000433395	0.0	0.0
ENST00000432231	246.747656	0.0
ENST00000417007	0.0	0.0
ENST00000411998	33.61213	162.499378
ENST00000290200	1310.079774	1130.938144
ENST00000422891	0.0	0.0
ENST00000493295	0.0	0.0
ENST00000498371	0.0	0.0
ENST00000451065	0.0	0.0
ENST00000637650	0.0	21.987952
ENST00000609556	0.0	0.0
ENST00000493503	0.0	0.0
ENST00000270139	974.087766	722.295932
ENST00000442071	535.28817	0.0
ENST00000451645	0.0	0.0
ENST00000290219	1063.774074	624.040258
ENST00000439213	0.0	0.0
ENST00000381995	0.0	0.0
ENST00000545369	0.0	0.0
ENST00000405436	2578.883004	2403.586727
ENST00000421802	0.0	0.0
ENST00000484377	276.504793	353.383788
ENST00000420455	0.0	770.759493
ENST00000470682	550.1249349999999	249.182321
ENST00000468874	0.0	114.51878700000002
ENST00000542230	1587.1413710000002	703.876737
ENST00000441128	0.0	0.0
ENST00000442441	250.022292	0.0
ENST00000474272	0.0	281.609569
ENST00000432504	0.0	0.0
ENST00000459909	120.70703799999998	114.496829
ENST00000414617	868.367284	96.928906
ENST00000450928	0.0	87.135796
ENST00000617313	79.34205899999999	83.48012299999999
ENST00000381947	147.096673	0.0
ENST00000314399	0.0	0.0
ENST00000402202	0.0	0.0
ENST00000381815	7711.411359000001	5592.749793
ENST00000381831	0.0	719.804065
ENST00000381839	0.0	0.0
ENST00000424203	184.497337	0.0
ENST00000482663	0.0	0.0
ENST00000487155	247.752723	0.0
ENST00000448054	0.0	0.0
ENST00000460305	0.0	0.0
ENST00000467575	479.871522	277.50250800000003
ENST00000361093	2065.031538	1579.139866
ENST00000366093	0.0	0.0
ENST00000466882	107.663257	96.22845
ENST00000497313	2525.450691	2226.484119
ENST00000430874	0.0	0.0
ENST00000426819	0.0	0.0
ENST00000476524	384.316901	0.0
ENST00000488791	176.262111	229.505297
ENST00000438059	0.0	0.0
ENST00000441403	0.0	0.0
ENST00000356577	3.3e-05	3e-05
ENST00000475072	0.0	0.0
ENST00000381692	1014.186995	1432.63323
ENST00000300278	955.659338	732.316579
ENST00000455528	1868.403219	450.253552
ENST00000381679	1487.136677	1713.34152
ENST00000492229	0.0	0.0
ENST00000290239	0.0	0.0
ENST00000436227	2661.686996	2061.151561
ENST00000421541	0.0	0.0
ENST00000439593	270.660623	0.0
ENST00000429093	723.228758	175.802689
ENST00000474355	1199.616574	800.36977
ENST00000457208	0.0	0.0
ENST00000467616	0.0	0.0
ENST00000484294	0.0	0.0
ENST00000473102	0.0	0.0
ENST00000470533	0.0	0.0
ENST00000478183	1113.1738380000002	1914.786469
ENST00000465834	0.0	0.0
ENST00000477419	991.328285	929.531167
ENST00000491794	0.0	0.0
ENST00000303113	0.0	0.0
ENST00000453626	0.0	0.0
ENST00000457359	994.131084	1165.644349
ENST00000303071	2759.3773170000004	1901.852962
ENST00000417871	0.0	0.0
ENST00000460557	762.0640440000001	0.0
ENST00000444517	0.0	0.0
ENST00000442660	0.0	1306.996298
ENST00000437395	494.348659	1354.01346
ENST00000432378	0.0	0.0
ENST00000440810	0.0	577.16908
ENST00000462566	350.73607000000004	0.0
ENST00000429238	0.0	0.0
ENST00000381554	701.605215	804.492466
ENST00000290244	0.0	0.0
ENST00000468349	502.7834730000001	405.054272
ENST00000381540	0.0	0.0
ENST00000452420	0.0	0.0
ENST00000441940	0.0	0.0
ENST00000480893	0.0	0.0
ENST00000445393	0.0	0.0
ENST00000437996	146.563941	0.0
ENST00000361534	384.333478	0.0
ENST00000429827	0.0	162.281281
ENST00000420072	0.0	0.0
ENST00000440526	0.0	0.0
ENST00000479964	0.0	0.0
ENST00000414079	0.0	0.0
ENST00000426935	0.0	0.0
ENST00000431177	0.0	0.0
ENST00000488167	0.0	107.511356
ENST00000417979	0.0	0.0
ENST00000490714	0.0	0.0
ENST00000413017	480.33509	392.092589
ENST00000438788	0.0	0.0
ENST00000399442	0.0	0.0
ENST00000399353	0.0	0.0
ENST00000444491	0.0	0.0
ENST00000470742	0.0	0.0
ENST00000381318	17.453070999999998	12.522643
ENST00000381291	0.0	0.0
ENST00000381285	0.0	0.0
ENST00000399367	0.0	0.0
ENST00000399352	938.664843	1178.269059
ENST00000399355	0.0	0.0
ENST00000399349	351.618498	0.0
ENST00000451686	0.0	0.0
ENST00000381283	0.0	0.0
ENST00000399338	0.0	274.484033
ENST00000456489	0.0	137.358449
ENST00000379960	0.0	0.0
ENST00000488166	0.0	0.0
ENST00000474132	0.0	0.0
ENST00000419241	0.0	0.0
ENST00000440794	367.255958	0.0
ENST00000465143	0.0	0.0
ENST00000487427	0.0	130.739475
ENST00000437126	0.0	0.0
ENST00000428240	0.0	0.0
ENST00000472548	898.954759	710.873974
ENST00000479424	0.0	0.0
ENST00000462212	0.0	64.720275
ENST00000495656	0.0	0.0
ENST00000475422	0.0	0.0
ENST00000489261	0.0	0.0
ENST00000381284	0.0	0.0
ENST00000420666	0.0	0.0
ENST00000415023	0.0	0.0
ENST00000431254	0.0	347.167847
ENST00000491703	162.64668500000002	144.780402
ENST00000290299	27693.900493	24993.836727
ENST00000417181	0.0	0.0
ENST00000418933	2052.677493	0.0
ENST00000429064	0.0	0.0
ENST00000495005	782.672898	808.844282
ENST00000496044	0.0	169.168827
ENST00000484627	0.0	0.0
ENST00000487374	0.0	0.0
ENST00000596365	129.61566100000002	0.0
ENST00000597626	0.0	0.0
ENST00000616030	0.0	0.0
ENST00000610236	0.0	0.0
ENST00000467060	0.0	0.0
ENST00000601471	0.0	0.0
ENST00000427447	5.921081	25.666855
ENST00000599421	255.339114	516.433617
ENST00000400353	0.0	0.0
ENST00000622171	0.0	0.0
ENST00000628906	0.0	0.0
ENST00000594752	0.0	0.0
ENST00000594370	0.0	0.0
ENST00000595747	0.0	0.0
ENST00000608431	0.0	0.0
ENST00000593977	0.0	0.0
ENST00000600155	0.0	0.0
ENST00000381181	46.192326	0.0
ENST00000620580	0.0	0.0
ENST00000613667	0.0	0.0
ENST00000607953	115.012613	102.697451
ENST00000609132	0.0	0.0
ENST00000488492	0.0	0.0
ENST00000399312	3713.010303	3273.374971
ENST00000477091	0.0	0.0
ENST00000381151	635.9500820000001	545.315647
ENST00000362077	0.0	0.0
ENST00000483977	25.92193	98.009271
ENST00000482679	46.099340000000005	0.0
ENST00000415238	0.0	0.0
ENST00000630751	0.0	0.0
ENST00000430922	0.0	22.516341
ENST00000428914	0.0	0.0
ENST00000609062	0.0	0.0
ENST00000609947	0.0	0.0
ENST00000416145	0.0	0.0
ENST00000419881	0.0	0.0
ENST00000619549	0.0	0.0
ENST00000427022	0.0	0.0
ENST00000290310	109.488731	147.067811
ENST00000440403	161.760083	0.0
ENST00000481710	0.0	243.51549900000003
ENST00000399292	0.0	0.0
ENST00000399299	0.0	0.0
ENST00000489469	0.0	309.280588
ENST00000495363	0.0	0.0
ENST00000474455	61.138935	0.0
ENST00000399295	0.0	0.0
ENST00000410005	0.0	0.0
ENST00000608665	0.0	0.0
ENST00000450895	0.0	0.0
ENST00000608289	0.0	0.0
ENST00000432085	0.0	0.0
ENST00000621601	0.0	0.0
ENST00000611936	0.0	0.0
ENST00000337385	0.0	0.0
ENST00000399289	0.0	0.0
ENST00000399286	0.0	0.0
ENST00000416357	0.0	0.0
ENST00000399284	0.0	0.0
ENST00000408471	0.0	0.0
ENST00000489175	0.0	0.0
ENST00000487434	0.0	0.0
ENST00000620920	0.0	0.0
ENST00000381135	0.0	0.0
ENST00000443408	0.0	0.0
ENST00000482533	0.0	0.0
ENST00000481448	0.0	0.0
ENST00000381132	0.0	0.0
ENST00000487990	0.0	0.0
ENST00000399272	1159.076715	1060.246287
ENST00000489903	0.0	0.0
ENST00000313806	565.018848	222.985654
ENST00000492600	0.0	0.0
ENST00000609325	0.0	0.0
ENST00000463276	0.0	0.0
ENST00000360731	0.0	0.0
ENST00000349499	0.0	0.0
ENST00000430635	0.0	0.0
ENST00000420877	0.0	17.519226999999997
ENST00000419921	0.0	0.0
ENST00000344691	308.435883	306.117707
ENST00000437180	0.0	0.0
ENST00000300305	0.0	0.0
ENST00000482318	238.552361	0.0
ENST00000399240	0.0	77.729152
ENST00000479325	0.0	0.0
ENST00000358356	0.0	0.0
ENST00000469087	0.0	0.0
ENST00000399237	0.0	0.0
ENST00000467577	0.0	0.0
ENST00000455571	0.0	0.0
ENST00000475045	0.0	0.0
ENST00000416754	0.0	0.0
ENST00000468726	0.0	0.0
ENST00000455028	0.0	0.0
ENST00000467692	0.0	0.0
ENST00000494829	0.0	0.0
ENST00000421454	0.0	0.0
ENST00000431167	3473.410872	4841.712547
ENST00000412240	0.0	0.0
ENST00000390235	0.0	0.0
ENST00000434853	0.0	0.0
ENST00000440405	0.0	0.0
ENST00000624569	1648.444303	3155.500064
ENST00000460207	0.0	0.0
ENST00000457157	0.0	0.0
ENST00000453844	44038.874474	40931.621739
ENST00000399215	59.380356000000006	70.819018
ENST00000481477	225.067927	0.0
ENST00000399212	0.0	165.90116
ENST00000332131	560.517161	586.516019
ENST00000487297	177.36451100000002	131.02585
ENST00000469482	0.0	276.752978
ENST00000399205	0.0	0.0
ENST00000399208	374.088398	0.0
ENST00000399201	0.0	0.0
ENST00000399207	0.0	301.821692
ENST00000424303	497.486662	0.0
ENST00000429161	0.0	256.469355
ENST00000485865	0.0	144.636399
ENST00000446166	0.0	0.0
ENST00000442559	0.0	0.0
ENST00000408914	778.029104	825.35096
ENST00000460704	0.0	0.0
ENST00000443703	0.0	0.0
ENST00000436303	0.0	0.0
ENST00000363343	0.0	0.0
ENST00000535199	110.660875	0.0
ENST00000466328	0.0	0.0
ENST00000530908	107.177296	543.155036
ENST00000290349	10315.081442	6292.2481530000005
ENST00000439427	0.0	467.09171900000007
ENST00000399191	0.0	0.0
ENST00000415147	0.0	0.0
ENST00000445464	0.0	0.0
ENST00000422473	0.0	39.830692
ENST00000452572	1144.849282	842.1425869999999
ENST00000453159	0.0	75.400024
ENST00000413862	0.0	0.0
ENST00000419943	1875.970343	594.469237
ENST00000608690	0.0	0.0
ENST00000608622	0.0	0.0
ENST00000608632	0.0	0.0
ENST00000609192	0.0	0.0
ENST00000608641	0.0	0.0
ENST00000625189	0.0	0.0
ENST00000625079	0.0	0.0
ENST00000623579	0.0	0.0
ENST00000623638	0.0	0.0
ENST00000624080	74.176058	0.0
ENST00000624086	0.0	0.0
ENST00000624883	0.0	0.0
ENST00000623647	0.0	0.0
ENST00000623484	0.0	0.0
ENST00000290354	1403.1084449999998	1426.113856
ENST00000427491	0.0	0.0
ENST00000432988	0.0	9.667595
ENST00000270190	0.0	0.0
ENST00000399151	494.555296	413.041197
ENST00000492760	0.0	0.0
ENST00000437106	3714.238503	2778.817515
ENST00000463668	0.0	0.0
ENST00000399149	0.0	120.158316
ENST00000608391	68.20066	0.0
ENST00000492336	0.0	46.941244
ENST00000400485	0.0	801.697024
ENST00000487909	900.267508	0.0
ENST00000485933	0.0	0.0
ENST00000485299	0.0	0.0
ENST00000397184	113.658217	101.490075
ENST00000484028	106.00723700000002	0.0
ENST00000546482	0.0	0.0
ENST00000549948	0.0	0.0
ENST00000551788	0.0	0.0
ENST00000551367	0.0	0.0
ENST00000552581	0.0	0.0
ENST00000547657	0.0	0.0
ENST00000314103	2094.529372	2201.054763
ENST00000480486	0.0	280.447779
ENST00000444161	0.0	0.0
ENST00000481458	0.0	304.600293
ENST00000429588	0.0	0.0
ENST00000428667	0.0	0.0
ENST00000454980	0.0	0.0
ENST00000399139	0.0	40.691755
ENST00000399137	0.0	0.0
ENST00000399135	0.0	0.0
ENST00000399136	0.0	0.0
ENST00000342108	0.0	0.0
ENST00000624669	836.5997	721.391396
ENST00000433951	1757.523274	1617.654788
ENST00000478313	0.0	0.0
ENST00000457669	0.0	0.0
ENST00000430607	0.0	0.0
ENST00000460783	109.360849	79.07784000000001
ENST00000481185	68.96491999999999	109.958553
ENST00000290399	720.319061	626.169425
ENST00000431229	0.0	0.0
ENST00000483178	295.794896	462.370492
ENST00000612277	0.0	0.0
ENST00000336648	1188.824177	1133.32113
ENST00000399120	60.59297	44.418567
ENST00000434195	0.0	0.0
ENST00000362936	0.0	0.0
ENST00000482273	0.0	0.0
ENST00000448340	135.98593	0.0
ENST00000419461	0.0	0.0
ENST00000427746	151.356067	0.0
ENST00000604662	0.0	0.0
ENST00000637940	0.0	42.882087
ENST00000430068	0.0	0.0
ENST00000384685	0.0	0.0
ENST00000400819	0.0	0.0
ENST00000485272	0.0	0.0
ENST00000490393	56.32911	125.790247
ENST00000329553	0.0	0.0
ENST00000390834	0.0	0.0
ENST00000360525	83.66415400000001	54.658855
ENST00000464265	0.0	106.917769
ENST00000329667	0.0	0.0
ENST00000399102	0.0	0.0
ENST00000399103	2842.568323	1989.049489
ENST00000399098	1363.566064	1285.741363
ENST00000479152	0.0	0.0
ENST00000430792	0.0	0.0
ENST00000492275	125.54713999999998	436.062346
ENST00000418766	0.0	0.0
ENST00000485402	0.0	0.0
ENST00000450533	0.0	0.0
ENST00000438055	0.0	0.0
ENST00000355666	1773.85346	2162.834837
ENST00000463216	0.0	0.0
ENST00000481605	0.0	0.0
ENST00000494243	0.0	0.0
ENST00000540756	0.0	0.0
ENST00000399010	81.55684699999999	48.984339
ENST00000399017	86.10391700000001	178.354869
ENST00000484047	0.0	0.0
ENST00000354749	4e-05	4.3e-05
ENST00000479930	3.6e-05	56.50559499999999
ENST00000460328	0.0	0.0
ENST00000491952	653.445201	0.0
ENST00000602568	0.0	0.0
ENST00000476784	617.333162	546.023628
ENST00000414818	0.0	0.0
ENST00000411496	249.066146	319.808504
ENST00000487711	0.0	0.0
ENST00000472398	274.073378	48.266388
ENST00000469939	0.0	0.0
ENST00000424733	0.0	0.0
ENST00000428693	0.0	0.0
ENST00000488522	0.0	0.0
ENST00000581640	0.0	0.0
ENST00000578829	0.0	0.0
ENST00000585273	0.0	0.0
ENST00000584840	0.0	0.0
ENST00000454482	0.0	0.0
ENST00000579533	0.0	0.0
ENST00000440629	0.0	0.0
ENST00000497493	26.25126	51.213305
ENST00000309117	910.75891	1107.585638
ENST00000399000	85.240204	21.473852
ENST00000399001	0.0	0.0
ENST00000476950	715.018075	0.0
ENST00000488368	0.0	0.0
ENST00000398998	0.0	0.0
ENST00000495858	0.0	127.053713
ENST00000480452	0.0	0.0
ENST00000475009	0.0	0.0
ENST00000492514	0.0	0.0
ENST00000462467	0.0	0.0
ENST00000498789	245.092044	328.412019
ENST00000608405	0.0	0.0
ENST00000608783	338.909704	151.273048
ENST00000608928	0.0	0.0
ENST00000462274	0.0	390.667995
ENST00000338785	917.725551	890.014323
ENST00000455097	0.0	0.0
ENST00000426672	0.0	0.0
ENST00000339659	68.61618100000001	1.8e-05
ENST00000398960	314.032974	436.643389
ENST00000498351	0.0	0.0
ENST00000398956	0.0	0.0
ENST00000609713	0.0	0.0
ENST00000435001	0.0	0.0
ENST00000398948	0.0	0.0
ENST00000417138	0.0	0.0
ENST00000328264	0.0	0.0
ENST00000482032	0.0	0.0
ENST00000478613	0.0	0.0
ENST00000469658	0.0	0.0
ENST00000400477	0.0	0.0
ENST00000495344	0.0	0.0
ENST00000465532	0.0	0.0
ENST00000357704	0.0	0.0
ENST00000614538	0.0	0.0
ENST00000472602	0.0	0.0
ENST00000549158	0.0	0.0
ENST00000549805	0.0	0.0
ENST00000547341	0.0	0.0
ENST00000549932	0.0	0.0
ENST00000547595	0.0	0.0
ENST00000548700	0.0	0.0
ENST00000551422	0.0	0.0
ENST00000632732	0.0	0.0
ENST00000605450	0.0	0.0
ENST00000432141	0.0	0.0
ENST00000538415	0.0	0.0
ENST00000444977	0.0	0.0
ENST00000423089	0.0	0.0
ENST00000613499	0.0	0.0
ENST00000612702	0.0	0.0
ENST00000398925	0.0	0.0
ENST00000398928	0.0	0.0
ENST00000328656	0.0	5.238824
ENST00000443341	0.0	0.0
ENST00000417042	0.0	0.0
ENST00000398938	0.0	0.0
ENST00000398932	0.0	0.0
ENST00000438657	0.0	0.0
ENST00000398934	0.0	0.0
ENST00000398930	0.0	0.0
ENST00000398927	0.0	0.0
ENST00000419868	0.0	0.0
ENST00000414189	0.0	0.0
ENST00000436845	0.0	0.0
ENST00000398905	0.0	0.0
ENST00000398907	0.0	0.0
ENST00000288319	0.0	0.0
ENST00000398897	10.773108	0.0
ENST00000398911	0.0	0.0
ENST00000417133	0.0	0.0
ENST00000398910	0.0	0.0
ENST00000442448	0.0	0.0
ENST00000453032	0.0	0.0
ENST00000398919	0.0	0.0
ENST00000481609	0.0	0.0
ENST00000492833	0.0	0.0
ENST00000429727	0.0	0.0
ENST00000468474	0.0	0.0
ENST00000473107	0.0	0.0
ENST00000485493	0.0	0.0
ENST00000442212	0.0	0.0
ENST00000448579	0.0	0.0
ENST00000411989	0.0	0.0
ENST00000429621	0.0	0.0
ENST00000360214	0.0	0.0
ENST00000360938	1382.839539	1019.300539
ENST00000432278	0.0	0.0
ENST00000456966	0.0	0.0
ENST00000416842	0.0	0.0
ENST00000626259	0.0	0.0
ENST00000380931	0.0	0.0
ENST00000415824	0.0	0.0
ENST00000434589	0.0	0.0
ENST00000606322	0.0	0.0
ENST00000451820	0.0	0.0
ENST00000440379	0.0	0.0
ENST00000623098	0.0	0.0
ENST00000613045	0.0	77.16179
ENST00000615324	0.0	0.0
ENST00000433952	0.0	0.0
ENST00000417335	0.0	0.0
ENST00000419664	0.0	0.0
ENST00000440714	0.0	0.0
ENST00000467573	320.436201	571.240004
ENST00000437262	119.808464	0.0
ENST00000616808	0.0	0.0
ENST00000331573	0.0	43.647525
ENST00000481921	4464.612211	3866.543271
ENST00000411828	2720.691882	1696.898759
ENST00000431628	3101.050825	4199.099745
ENST00000380900	4290.021793	4090.365272
ENST00000333229	186.403817	346.159327
ENST00000608767	349.70095200000003	375.697606
ENST00000446924	0.0	0.0
ENST00000342449	390.974622	278.541567
ENST00000380800	26.315092	4e-06
ENST00000491564	0.0	0.0
ENST00000424441	0.0	0.0
ENST00000473813	0.0	0.0
ENST00000419324	0.0	0.0
ENST00000435608	0.0	0.0
ENST00000438852	0.0	0.0
ENST00000445668	0.0	0.0
ENST00000430093	0.0	0.0
ENST00000445245	0.0	0.0
ENST00000455867	0.0	0.0
ENST00000412604	0.0	0.0
ENST00000496759	0.0	0.0
ENST00000341322	689.4282599999999	282.411075
ENST00000470108	0.0	0.0
ENST00000484090	0.0	0.0
ENST00000603064	0.0	100.678972
ENST00000423274	0.0	0.0
ENST00000288344	1130.729339	2310.10491
ENST00000486741	2712.704786	2082.936204
ENST00000431390	142.606683	279.138397
ENST00000380749	23244.603962	15609.377163999998
ENST00000492280	684.34839	4158.824284
ENST00000436324	559.156365	1030.640865
ENST00000380748	0.0	0.0
ENST00000419378	0.0	0.0
ENST00000489072	0.0	0.0
ENST00000482192	0.0	206.496632
ENST00000380747	0.0	0.0
ENST00000485550	943.275344	0.0
ENST00000490032	0.0	497.478147
ENST00000443046	0.0	0.0
ENST00000464078	0.0	0.0
ENST00000517106	0.0	0.0
ENST00000491183	0.0	0.0
ENST00000479586	0.0	600.866675
ENST00000471260	0.0	0.0
ENST00000482733	236.789225	309.92472999999995
ENST00000463631	0.0	0.0
ENST00000444889	0.0	0.0
ENST00000333781	770.1040690000001	0.0
ENST00000623703	55.781159	40.232312
ENST00000487869	524.002318	0.0
ENST00000471468	0.0	0.0
ENST00000398753	794.614434	0.0
ENST00000442773	0.0	116.583487
ENST00000380713	0.0	0.0
ENST00000380708	1617.66897	2044.798549
ENST00000466787	283.543067	256.808265
ENST00000415847	0.0	0.0
ENST00000490860	132.951009	108.807358
ENST00000380671	0.0	0.0
ENST00000288350	0.0	0.0
ENST00000358268	0.0	0.0
ENST00000495240	60.278367	0.0
ENST00000478273	245.92908	0.0
ENST00000484878	95.828822	0.0
ENST00000485895	0.0	54.34700600000001
ENST00000491625	0.0	0.0
ENST00000459939	0.0	0.0
ENST00000490184	0.0	0.0
ENST00000418018	0.0	0.0
ENST00000466954	0.0	0.0
ENST00000476914	0.0	0.0
ENST00000480690	0.0	282.208429
ENST00000448288	0.0	0.0
ENST00000434281	0.0	0.0
ENST00000438404	0.0	0.0
ENST00000411566	0.0	0.0
ENST00000468009	0.0	0.0
ENST00000415863	0.0	0.0
ENST00000426783	0.0	0.0
ENST00000456017	0.0	0.0
ENST00000451131	0.0	0.0
ENST00000480612	0.0	0.0
ENST00000380637	604.085042	0.0
ENST00000380634	0.0	370.221565
ENST00000458295	0.0	0.0
ENST00000440288	0.0	0.0
ENST00000380631	116.496376	170.980861
ENST00000611656	0.0	0.0
ENST00000333634	222.8974	321.490032
ENST00000452550	0.0	0.0
ENST00000423596	0.0	0.0
ENST00000450079	183.45064	0.0
ENST00000431743	0.0	0.0
ENST00000447939	0.0	0.0
ENST00000411867	0.0	0.0
ENST00000380620	11.137607	53.054557
ENST00000475838	0.0	0.0
ENST00000489821	0.0	0.0
ENST00000380612	53.654971	0.0
ENST00000380604	0.0	187.134632
ENST00000329618	0.0	0.0
ENST00000615480	0.0	0.0
ENST00000416555	0.0	0.0
ENST00000380618	0.0	0.0
ENST00000343118	0.0	0.0
ENST00000398714	0.0	0.0
ENST00000457325	0.0	0.0
ENST00000419826	0.0	0.0
ENST00000380588	0.0	0.0
ENST00000479378	0.0	0.0
ENST00000459922	0.0	0.0
ENST00000328619	0.0	0.0
ENST00000462224	0.0	0.0
ENST00000468717	0.0	0.0
ENST00000467565	0.0	0.0
ENST00000400454	0.0	2.2e-05
ENST00000617870	0.0	0.0
ENST00000404019	0.0	8.285082000000001
ENST00000585040	0.0	0.0
ENST00000427451	0.0	0.0
ENST00000422749	0.0	0.0
ENST00000444046	0.0	0.0
ENST00000455354	0.0	0.0
ENST00000384418	0.0	0.0
ENST00000441910	0.0	0.0
ENST00000440363	0.0	0.0
ENST00000456507	0.0	0.0
ENST00000441268	0.0	0.0
ENST00000435493	0.0	0.0
ENST00000446910	0.0	0.0
ENST00000582241	0.0	0.0
ENST00000330333	0.0	0.0
ENST00000328735	0.0	0.0
ENST00000347667	242.167467	107.319837
ENST00000623119	0.0	0.0
ENST00000624999	0.0	0.0
ENST00000430327	0.0	0.0
ENST00000440221	0.0	0.0
ENST00000433378	0.0	0.0
ENST00000414699	0.0	0.0
ENST00000470864	0.0	0.0
ENST00000487994	707.777568	518.0861150000001
ENST00000491838	0.0	0.0
ENST00000466122	1609.4224	787.973803
ENST00000465326	0.0	0.0
ENST00000463674	0.0	0.0
ENST00000475618	0.0	0.0
ENST00000479810	0.0	0.0
ENST00000518236	0.0	0.0
ENST00000357985	0.0	0.0
ENST00000398652	0.0	0.0
ENST00000398647	69.677773	0.0
ENST00000398646	0.0	0.0
ENST00000330714	0.0	0.0
ENST00000436410	0.0	0.0
ENST00000435611	0.0	0.0
ENST00000494252	0.0	0.0
ENST00000495892	0.0	0.0
ENST00000416447	0.0	0.0
ENST00000418103	0.0	0.0
ENST00000482953	0.0	0.0
ENST00000496774	0.0	0.0
ENST00000493753	0.0	0.0
ENST00000481838	0.0	0.0
ENST00000474368	0.0	0.0
ENST00000398632	0.0	0.0
ENST00000490220	0.0	0.0
ENST00000468506	0.0	0.0
ENST00000398600	0.0	0.0
ENST00000413778	0.0	0.0
ENST00000419044	0.0	125.032638
ENST00000455164	0.0	0.0
ENST00000398598	0.0	0.0
ENST00000424365	0.0	0.0
ENST00000484465	0.0	0.0
ENST00000417963	0.0	0.0
ENST00000441677	0.0	0.0
ENST00000478268	0.0	0.0
ENST00000427464	0.0	0.0
ENST00000288383	75.360507	0.0
ENST00000619682	0.0	23.836288
ENST00000411427	0.0	0.0
ENST00000467510	0.0	0.0
ENST00000486275	0.0	0.0
ENST00000491110	0.0	0.0
ENST00000332149	15.90858	42.629053000000006
ENST00000398585	0.0	0.0
ENST00000488556	0.0	0.0
ENST00000458356	0.0	0.0
ENST00000454499	0.0	0.0
ENST00000469395	0.0	0.0
ENST00000424093	0.0	0.0
ENST00000497881	0.0	0.0
ENST00000463138	0.0	0.0
ENST00000455813	0.0	0.0
ENST00000489201	0.0	0.0
ENST00000384772	0.0	0.0
ENST00000415820	0.0	0.0
ENST00000418874	0.0	0.0
ENST00000413718	0.0	0.0
ENST00000412102	0.0	0.0
ENST00000457881	0.0	0.0
ENST00000586552	0.0	0.0
ENST00000589300	0.0	0.0
ENST00000432830	0.0	0.0
ENST00000352483	0.0	0.0
ENST00000332512	625.766941	672.508301
ENST00000423276	298.969367	0.0
ENST00000622292	0.0	0.0
ENST00000470586	162.423183	0.0
ENST00000486812	1e-06	44.718084000000005
ENST00000447016	0.0	0.0
ENST00000422911	1e-06	1e-06
ENST00000441787	1e-06	1e-06
ENST00000449395	1e-06	1e-06
ENST00000398548	326.756963	351.344757
ENST00000433067	0.0	0.0
ENST00000447207	0.0	0.0
ENST00000269844	0.0	0.0
ENST00000465955	0.0	0.0
ENST00000477633	0.0	0.0
ENST00000495217	0.0	0.0
ENST00000491486	0.0	0.0
ENST00000489661	0.0	0.0
ENST00000496124	0.0	0.0
ENST00000458654	116.119621	0.0
ENST00000432411	0.0	0.0
ENST00000515969	0.0	0.0
ENST00000449165	54.36786600000001	0.0
ENST00000329623	0.0	0.0
ENST00000380486	23.896532	69.819289
ENST00000482186	0.0	0.0
ENST00000482084	0.0	0.0
ENST00000467074	0.0	0.0
ENST00000490479	0.0	0.0
ENST00000478372	0.0	0.0
ENST00000398505	313.557328	1e-06
ENST00000310826	313.288544	497.955066
ENST00000398499	0.0	0.0
ENST00000398511	394.004774	118.329942
ENST00000465968	0.0	0.0
ENST00000425521	0.0	0.0
ENST00000449949	0.0	0.0
ENST00000398497	0.0	0.0
ENST00000412906	0.0	55.226273
ENST00000455701	0.0	0.0
ENST00000429739	0.0	0.0
ENST00000400427	0.0	0.0
ENST00000400424	0.0	0.0
ENST00000408989	0.0	0.0
ENST00000408910	0.0	0.0
ENST00000491559	0.0	0.0
ENST00000468982	0.0	0.0
ENST00000497243	0.0	0.0
ENST00000400421	0.0	0.0
ENST00000466434	0.0	0.0
ENST00000485357	0.0	0.0
ENST00000329015	0.0	0.0
ENST00000475047	0.0	0.0
ENST00000484174	0.0	0.0
ENST00000400423	0.0	0.0
ENST00000484712	0.0	0.0
ENST00000398457	0.0	0.0
ENST00000462050	0.0	0.0
ENST00000347800	0.0	0.0
ENST00000450121	0.0	0.0
ENST00000398449	0.0	0.0
ENST00000361802	354.038182	399.433351
ENST00000343687	0.0	0.0
ENST00000411330	0.0	0.0
ENST00000398437	0.0	0.0
ENST00000472587	0.0	0.0
ENST00000467818	0.0	0.0
ENST00000496783	0.0	40.924862
ENST00000518498	0.0	0.0
ENST00000489676	0.0	0.0
ENST00000398431	0.0	0.0
ENST00000291525	0.0	0.0
ENST00000291526	0.0	0.0
ENST00000463771	0.0	0.0
ENST00000475297	0.0	0.0
ENST00000291527	0.0	0.0
ENST00000476848	0.0	0.0
ENST00000474596	0.0	0.0
ENST00000482761	0.0	0.0
ENST00000398405	0.0	0.0
ENST00000433957	0.0	0.0
ENST00000291532	0.0	0.0
ENST00000398397	0.0	0.0
ENST00000478680	0.0	0.0
ENST00000635189	0.0	0.0
ENST00000291535	0.0	0.0
ENST00000635108	0.0	0.0
ENST00000635325	0.0	0.0
ENST00000634453	0.0	0.0
ENST00000634718	0.0	0.0
ENST00000319294	0.0	0.0
ENST00000398367	0.0	0.0
ENST00000473381	0.0	0.0
ENST00000516810	0.0	0.0
ENST00000493019	0.0	0.0
ENST00000291536	38.348062	0.0
ENST00000398352	0.0	112.617034
ENST00000454800	0.0	0.0
ENST00000419522	0.0	0.0
ENST00000416179	0.0	0.0
ENST00000398341	402.026234	351.769986
ENST00000484887	0.0	0.0
ENST00000429903	0.0	0.0
ENST00000455116	0.0	0.0
ENST00000471277	0.0	0.0
ENST00000352133	243.934255	51.222877
ENST00000398343	0.0	133.52856200000002
ENST00000487951	0.0	0.0
ENST00000442605	0.0	0.0
ENST00000496416	0.0	0.0
ENST00000419628	0.0	0.0
ENST00000424890	0.0	16.0692
ENST00000460905	0.0	0.0
ENST00000472401	0.0	0.0
ENST00000335512	596.8412959999999	0.0
ENST00000470987	0.0	0.0
ENST00000291539	0.0	1065.333453
ENST00000490803	0.0	0.0
ENST00000486902	664.057266	0.0
ENST00000380328	0.0	0.0
ENST00000495521	0.0	0.0
ENST00000398232	311.495875	0.0
ENST00000462571	0.0	0.0
ENST00000398234	0.0	0.0
ENST00000398236	0.0	0.0
ENST00000468805	0.0	0.0
ENST00000328862	0.0	0.0
ENST00000335440	0.0	0.0
ENST00000398225	0.0	0.0
ENST00000497805	0.0	0.0
ENST00000398229	0.0	0.0
ENST00000398227	0.0	0.0
ENST00000460989	0.0	0.0
ENST00000467403	0.0	0.0
ENST00000349112	0.0	0.0
ENST00000398224	0.0	0.0
ENST00000467162	0.0	0.0
ENST00000495343	0.0	0.0
ENST00000437426	0.0	0.0
ENST00000489319	47.752491	18.333902
ENST00000466472	0.0	0.0
ENST00000635001	141.270758	0.0
ENST00000420273	0.0	0.0
ENST00000431150	0.0	0.0
ENST00000330317	325.355675	368.06288
ENST00000492742	0.0	0.0
ENST00000398208	1395.229677	1254.347296
ENST00000476326	0.0	187.660223
ENST00000479429	0.0	115.396935
ENST00000463902	0.0	0.0
ENST00000470658	188.414081	160.50378899999998
ENST00000460259	200.39533	42.803123
ENST00000354250	2141.541023	1939.545388
ENST00000340344	792.862909	918.734648
ENST00000460740	0.0	0.0
ENST00000447535	0.0	16.461999
ENST00000617971	25.102545000000003	0.0
ENST00000579137	0.0	0.0
ENST00000428410	0.0	0.0
ENST00000291547	493.147556	579.700386
ENST00000432907	0.0	0.0
ENST00000418336	368.723042	0.0
ENST00000480179	44.37148	0.0
ENST00000456957	0.0	0.0
ENST00000560448	0.0	377.834787
ENST00000607049	0.0	0.0
ENST00000557820	0.0	0.0
ENST00000474336	0.0	0.0
ENST00000607150	0.0	0.0
ENST00000558955	0.0	0.0
ENST00000461686	302.987826	130.03163999999998
ENST00000398158	488.44689000000005	563.127121
ENST00000398165	0.0	0.0
ENST00000359624	973.546532	963.145398
ENST00000352178	0.0	0.0
ENST00000451248	0.0	0.0
ENST00000462349	1293.281897	1045.267286
ENST00000491776	400.184689	751.273054
ENST00000458223	0.0	0.0
ENST00000430013	0.0	0.0
ENST00000496485	0.0	421.251073
ENST00000486098	89.33750699999999	161.084474
ENST00000441030	0.0	0.0
ENST00000470912	0.0	0.0
ENST00000465732	281.660597	130.123104
ENST00000488526	122.278204	0.0
ENST00000478709	260.578675	0.0
ENST00000471250	0.0	0.0
ENST00000478282	55.669047	0.0
ENST00000459639	0.0	0.0
ENST00000464750	0.0	0.0
ENST00000475639	0.0	0.0
ENST00000380276	0.0	2221.931305
ENST00000291552	5638.515199	9048.196074
ENST00000398137	0.0	505.516663
ENST00000486519	0.0	0.0
ENST00000463599	0.0	0.0
ENST00000496462	0.0	98.247093
ENST00000468039	455.262087	0.0
ENST00000450190	0.0	0.0
ENST00000424933	0.0	0.0
ENST00000433840	0.0	0.0
ENST00000291554	0.0	0.0
ENST00000482775	0.0	0.0
ENST00000398133	0.0	0.0
ENST00000398132	0.0	0.0
ENST00000468016	0.0	0.0
ENST00000450205	0.0	0.0
ENST00000442815	0.0	0.0
ENST00000435702	0.0	0.0
ENST00000270162	107.788144	200.910943
ENST00000478426	0.0	263.219171
ENST00000448049	0.0	0.0
ENST00000342757	0.0	0.0
ENST00000426942	0.0	0.0
ENST00000332440	0.0	0.0
ENST00000413721	0.0	0.0
ENST00000451543	0.0	0.0
ENST00000418516	0.0	0.0
ENST00000436359	0.0	0.0
ENST00000427188	0.0	0.0
ENST00000441283	0.0	0.0
ENST00000291560	0.0	24.954129
ENST00000398116	238.869194	0.0
ENST00000599962	19051.716464	27150.875438
ENST00000613967	0.0	0.0
ENST00000443485	0.0	0.0
ENST00000340648	3606.591403	3961.080079
ENST00000470886	231.56479700000003	48.338996
ENST00000398081	0.0	0.0
ENST00000468090	81.19250699999999	120.46365
ENST00000291565	1227.725491	1343.123519
ENST00000398085	0.0	0.0
ENST00000476084	0.0	0.0
ENST00000470029	0.0	0.0
ENST00000438837	0.0	0.0
ENST00000498040	0.0	0.0
ENST00000327574	180.108633	0.0
ENST00000472777	0.0	0.0
ENST00000476313	0.0	84.389945
ENST00000481512	0.0	1215.167717
ENST00000621478	0.0	0.0
ENST00000490666	0.0	0.0
ENST00000467908	3e-06	2e-06
ENST00000343528	2593.497483	1742.205073
ENST00000398078	0.0	0.0
ENST00000468392	144.113148	127.619894
ENST00000626421	0.0	0.0
ENST00000461123	131.902978	0.0
ENST00000291568	5221.435186	5226.496139
ENST00000480147	435.830397	991.850063
ENST00000452969	0.0	0.0
ENST00000475534	490.834925	0.0
ENST00000497547	3104.272919	3264.920661
ENST00000483896	1241.609207	1939.59712
ENST00000492638	175.843046	394.856368
ENST00000473988	0.0	0.0
ENST00000467112	250.194995	78.997914
ENST00000471909	127.30144	265.708885
ENST00000437258	115.640934	0.0
ENST00000448247	0.0	0.0
ENST00000400385	12.836076	97.376604
ENST00000449877	0.0	0.0
ENST00000291572	1510.736952	1351.521898
ENST00000474735	0.0	0.0
ENST00000448287	0.0	0.0
ENST00000398061	0.0	0.0
ENST00000327505	1727.2340190000002	907.07389
ENST00000445582	0.0	0.0
ENST00000362728	0.0	0.0
ENST00000398063	0.0	0.0
ENST00000398058	0.0	37.522291
ENST00000457068	0.0	0.0
ENST00000448845	0.0	0.0
ENST00000498670	0.0	0.0
ENST00000422850	0.0	0.0
ENST00000497909	0.0	0.0
ENST00000546158	0.0	0.0
ENST00000479117	107.224267	0.0
ENST00000481319	0.0	0.0
ENST00000467358	282.23733	261.311917
ENST00000484865	154.133014	0.0
ENST00000516797	0.0	0.0
ENST00000380221	203.847492	0.0
ENST00000291574	509.159375	726.990518
ENST00000422875	768.707336	0.0
ENST00000416034	214.95969	0.0
ENST00000481460	0.0	0.0
ENST00000461889	0.0	0.0
ENST00000459741	0.0	0.0
ENST00000465905	0.0	0.0
ENST00000483973	0.0	0.0
ENST00000486746	0.0	0.0
ENST00000469521	0.0	0.0
ENST00000485621	0.0	0.0
ENST00000468864	0.0	25.256504
ENST00000291576	3612.953113000001	3548.5623560000004
ENST00000456705	0.0	0.0
ENST00000486126	368.559705	0.0
ENST00000471490	61.17720500000001	111.882204
ENST00000494310	139.668093	0.0
ENST00000476948	0.0	0.0
ENST00000291577	6695.643437	6231.954209
ENST00000495007	203.443851	610.547309
ENST00000427803	0.0	386.836592
ENST00000493883	0.0	0.0
ENST00000480786	0.0	0.0
ENST00000348499	217.688899	149.929223
ENST00000389690	0.0	386.647838
ENST00000449622	482.887029	481.156835
ENST00000488392	0.0	963.5113
ENST00000419699	239.078406	0.0
ENST00000470545	129.518856	0.0
ENST00000411694	0.0	0.0
ENST00000424921	0.0	0.0
ENST00000411956	0.0	0.0
ENST00000437557	0.0	0.0
ENST00000423967	0.0	0.0
ENST00000344330	0.0	0.0
ENST00000407780	189.990111	144.26709499999998
ENST00000400379	0.0	0.0
ENST00000400377	0.0	0.0
ENST00000619053	0.0	0.0
ENST00000620163	0.0	0.0
ENST00000436357	0.0	0.0
ENST00000270172	0.0	0.0
ENST00000628202	0.0	0.0
ENST00000431166	0.0	0.0
ENST00000442785	0.0	0.0
ENST00000530812	0.0	0.0
ENST00000527919	0.0	0.0
ENST00000291582	0.0	0.0
ENST00000397994	0.0	0.0
ENST00000337909	0.0	0.0
ENST00000349048	6168.807332	5197.354715
ENST00000397961	0.0	48.901515
ENST00000496824	0.0	0.0
ENST00000466134	357.286192	246.933802
ENST00000628044	0.0	0.0
ENST00000491298	131.100856	149.601517
ENST00000474114	163.461966	211.854863
ENST00000498841	396.962691	242.514537
ENST00000460020	116.50194	0.0
ENST00000467315	0.0	0.0
ENST00000460521	147.880083	0.0
ENST00000495274	0.0	667.923988
ENST00000422357	0.0	454.913955
ENST00000444409	0.0	0.0
ENST00000339818	826.7089639999999	672.300768
ENST00000470196	0.0	0.0
ENST00000496321	131.754743	0.0
ENST00000462742	455.770306	333.379306
ENST00000397956	0.0	0.0
ENST00000325223	0.0	167.04539599999998
ENST00000448927	319.835212	265.66834700000004
ENST00000478674	0.0	194.595935
ENST00000426029	0.0	0.0
ENST00000568332	0.0	0.0
ENST00000300482	0.0	0.0
ENST00000431901	0.0	0.0
ENST00000397928	0.0	0.0
ENST00000397932	0.0	0.0
ENST00000300481	0.0	0.0
ENST00000498430	0.0	0.0
ENST00000423310	0.0	0.0
ENST00000456880	0.0	0.0
ENST00000621064	0.0	28.787573
ENST00000490982	65.873226	0.0
ENST00000581669	0.0	0.0
ENST00000583496	0.0	0.0
ENST00000426578	0.0	70.366445
ENST00000291592	245.630349	272.349627
ENST00000443300	0.0	0.0
ENST00000443620	0.0	0.0
ENST00000445440	40.100724	0.0
ENST00000617205	0.0	91.191708
ENST00000449713	0.0	0.0
ENST00000622854	0.0	0.0
ENST00000323084	0.0	0.0
ENST00000614657	0.0	0.0
ENST00000613245	0.0	0.0
ENST00000451035	0.0	0.0
ENST00000397916	24.844075	0.0
ENST00000430181	0.0	0.0
ENST00000330490	0.0	0.0
ENST00000354333	42.887588	19.154206
ENST00000465978	0.0	0.0
ENST00000400375	0.0	0.0
ENST00000391621	0.0	0.0
ENST00000498210	0.0	0.0
ENST00000391620	0.0	0.0
ENST00000400374	0.0	0.0
ENST00000400372	0.0	0.0
ENST00000622352	0.0	0.0
ENST00000400368	0.0	0.0
ENST00000609664	0.0	0.0
ENST00000616689	0.0	0.0
ENST00000334662	0.0	0.0
ENST00000397911	0.0	0.0
ENST00000484861	0.0	0.0
ENST00000616529	0.0	0.0
ENST00000380095	0.0	0.0
ENST00000334670	0.0	0.0
ENST00000619249	0.0	0.0
ENST00000391618	0.0	0.0
ENST00000397907	0.0	0.0
ENST00000360770	0.0	0.0
ENST00000435590	212.129591	336.85648100000003
ENST00000391617	0.0	0.0
ENST00000617417	0.0	0.0
ENST00000400365	0.0	0.0
ENST00000618832	0.0	0.0
ENST00000412914	0.0	0.0
ENST00000345496	2714.355549	2471.414674
ENST00000481546	2241.3215210000003	1683.605185
ENST00000497630	2740.5858510000003	715.943425
ENST00000477954	0.0	0.0
ENST00000491513	0.0	0.0
ENST00000330942	311.791174	474.938381
ENST00000478200	0.0	0.0
ENST00000497664	0.0	0.0
ENST00000462569	871.6549560000001	938.057138
ENST00000490450	0.0	0.0
ENST00000496395	0.0	0.0
ENST00000490091	180.01040600000002	546.718855
ENST00000417820	112.304618	50.163721
ENST00000397898	0.0	0.0
ENST00000332859	2980.293957	2345.870906
ENST00000411651	0.0	0.0
ENST00000479153	0.0	0.0
ENST00000397893	0.0	0.0
ENST00000466861	0.0	0.0
ENST00000397887	0.0	0.0
ENST00000330938	4772.762106	3447.131811
ENST00000445724	0.0	0.0
ENST00000397886	0.0	0.0
ENST00000474737	0.0	0.0
ENST00000494690	0.0	0.0
ENST00000480234	0.0	0.0
ENST00000475170	0.0	0.0
ENST00000397852	0.0	0.0
ENST00000397857	0.0	0.0
ENST00000397854	0.0	0.0
ENST00000498666	0.0	0.0
ENST00000355153	0.0	0.0
ENST00000397850	0.0	0.0
ENST00000523323	0.0	0.0
ENST00000302347	0.0	0.0
ENST00000479202	0.0	80.928763
ENST00000320216	0.0	0.0
ENST00000521987	0.0	0.0
ENST00000523663	0.0	0.0
ENST00000522931	0.0	0.0
ENST00000517563	0.0	0.0
ENST00000522688	0.0	0.0
ENST00000520389	0.0	0.0
ENST00000524251	0.0	0.0
ENST00000517819	0.0	0.0
ENST00000479849	0.0	0.0
ENST00000397846	0.0	0.0
ENST00000523126	0.0	0.0
ENST00000521995	0.0	0.0
ENST00000518033	0.0	0.0
ENST00000441379	0.0	0.0
ENST00000609694	0.0	0.0
ENST00000609592	0.0	0.0
ENST00000610063	0.0	0.0
ENST00000608043	0.0	0.0
ENST00000429132	0.0	0.0
ENST00000609461	0.0	0.0
ENST00000615847	372.930283	0.0
ENST00000397841	0.0	161.789753
ENST00000330551	168.065801	0.0
ENST00000609953	0.0	0.0
ENST00000291634	2924.086009	1033.016169
ENST00000397826	832.013869	1514.359391
ENST00000458015	0.0	0.0
ENST00000479127	0.0	0.0
ENST00000485207	0.0	0.0
ENST00000616815	1242.2312539999998	1584.612706
ENST00000439088	0.0	0.0
ENST00000434081	0.0	0.0
ENST00000569966	0.0	0.0
ENST00000615826	0.0	0.0
ENST00000599569	46.214444	61.920489
ENST00000429427	0.0	0.0
ENST00000415143	0.0	0.0
ENST00000462214	0.0	0.0
ENST00000460734	20.522714	0.0
ENST00000437626	0.0	0.0
ENST00000389861	0.0	0.0
ENST00000492414	0.0	0.0
ENST00000496664	0.0	0.0
ENST00000389863	222.215561	604.155975
ENST00000348831	474.4184570000001	154.296262
ENST00000596207	0.0	0.0
ENST00000449478	0.0	0.0
ENST00000464215	0.0	0.0
ENST00000611195	0.0	0.0
ENST00000629643	123.34188	0.0
ENST00000360697	1e-06	332.008599
ENST00000481022	97.22826	0.0
ENST00000631642	0.0	610.782229
ENST00000584169	0.0	0.0
ENST00000328344	134.575513	0.0
ENST00000471540	173.478514	157.21240500000002
ENST00000331343	319.904869	248.333065
ENST00000334538	0.0	356.952817
ENST00000349485	617.830409	0.0
ENST00000612472	0.0	44.897026
ENST00000615172	0.0	0.0
ENST00000485190	0.0	0.0
ENST00000460932	0.0	0.0
ENST00000463917	0.0	0.0
ENST00000451615	116.806101	0.0
ENST00000493524	0.0	0.0
ENST00000468360	0.0	0.0
ENST00000493811	0.0	0.0
ENST00000476653	371.256566	431.155895
ENST00000454115	0.0	492.533662
ENST00000400362	786.557854	418.323993
ENST00000433465	593.618273	494.923066
ENST00000441947	0.0	0.0
ENST00000445242	0.0	0.0
ENST00000416722	0.0	0.0
ENST00000429327	0.0	0.0
ENST00000456613	0.0	0.0
ENST00000416468	0.0	0.0
ENST00000617004	247.738547	221.202343
ENST00000400337	1209.226158	941.678276
ENST00000446475	0.0	0.0
ENST00000397787	0.0	0.0
ENST00000485206	0.0	0.0
ENST00000355480	0.0	0.0
ENST00000359759	26.17397	1e-06
ENST00000611994	0.0	0.0
ENST00000342220	0.0	185.828644
ENST00000459895	181.558309	281.488005
ENST00000417954	14.821254	13.421816
ENST00000567670	0.0	0.0
ENST00000461785	0.0	0.0
ENST00000423214	0.0	0.0
ENST00000473212	62.359228	0.0
ENST00000468508	1239.344069	1349.0006939999998
ENST00000460174	204.438325	0.0
ENST00000311124	2691.124584	2079.748641
ENST00000380010	214.106247	0.0
ENST00000485649	1179.544889	580.1653200000001
ENST00000427839	0.0	0.0
ENST00000443742	0.0	0.0
ENST00000486303	0.0	0.0
ENST00000528477	0.0	0.0
ENST00000441095	58.945297	98.716283
ENST00000424569	0.0	0.0
ENST00000465077	0.0	0.0
ENST00000400314	0.0	0.0
ENST00000472191	0.0	0.0
ENST00000594149	0.0	0.0
ENST00000628776	0.0	0.0
ENST00000593338	0.0	0.0
ENST00000609985	0.0	0.0
ENST00000594320	0.0	0.0
ENST00000610200	0.0	0.0
ENST00000423045	0.0	0.0
ENST00000617854	0.0	0.0
ENST00000380008	0.0	0.0
ENST00000400310	33.447261	0.0
ENST00000400309	0.0	0.0
ENST00000400308	0.0	173.473667
ENST00000449640	0.0	0.0
ENST00000481302	0.0	0.0
ENST00000498121	0.0	0.0
ENST00000618749	0.0	0.0
ENST00000549265	0.0	0.0
ENST00000400305	50.470642	0.0
ENST00000400304	0.0	0.0
ENST00000468429	0.0	0.0
ENST00000475402	0.0	0.0
ENST00000626237	0.0	9.298592
ENST00000621707	0.0	0.0
ENST00000361866	2310.394628	1926.411026
ENST00000612273	0.0	0.0
ENST00000492851	365.521377	0.0
ENST00000466285	0.0	393.279903
ENST00000463060	0.0	120.362831
ENST00000498614	911.855384	719.971308
ENST00000486023	0.0	909.657392
ENST00000451618	0.0	0.0
ENST00000429512	0.0	0.0
ENST00000435738	0.0	0.0
ENST00000428242	0.0	0.0
ENST00000454245	0.0	0.0
ENST00000300527	776.0316429999999	946.195534
ENST00000310645	281.526749	56.597283
ENST00000436769	0.0	0.0
ENST00000409416	0.0	0.0
ENST00000397763	0.0	99.786893
ENST00000460886	0.0	0.0
ENST00000485591	0.0	0.0
ENST00000413758	0.0	127.444753
ENST00000483568	0.0	0.0
ENST00000460011	44.337774	0.0
ENST00000498355	0.0	0.0
ENST00000291670	0.0	0.0
ENST00000397748	0.0	0.0
ENST00000446405	0.0	0.0
ENST00000397746	0.0	0.0
ENST00000397743	0.0	0.0
ENST00000494498	0.0	0.0
ENST00000488577	0.0	0.0
ENST00000480950	0.0	0.0
ENST00000469240	0.0	0.0
ENST00000446649	0.0	0.0
ENST00000330205	0.0	42.665511
ENST00000291672	0.0	0.0
ENST00000415026	0.0	0.0
ENST00000356396	0.0	0.0
ENST00000491729	119.504013	46.858858000000005
ENST00000397728	0.0	257.117437
ENST00000419093	0.0	0.0
ENST00000457828	2061.625	1572.982821
ENST00000474319	630.51617	546.630646
ENST00000522411	83.997771	0.0
ENST00000484808	0.0	483.261488
ENST00000464357	0.0	0.0
ENST00000450351	0.0	0.0
ENST00000418029	0.0	0.0
ENST00000626933	92.168264	0.0
ENST00000472272	0.0	0.0
ENST00000590829	92.298701	82.704264
ENST00000591223	264.226778	116.23878700000002
ENST00000414659	269.250491	276.478576
ENST00000432735	0.0	0.0
ENST00000444998	338.687309	346.210769
ENST00000455567	0.0	0.0
ENST00000421927	0.0	0.0
ENST00000588753	0.0	0.0
ENST00000420074	59.918423	51.135763
ENST00000291688	2704.01814	2045.109591
ENST00000467026	0.0	612.987033
ENST00000496607	482.106984	242.921869
ENST00000486937	500.837232	442.70175599999993
ENST00000397708	0.0	0.0
ENST00000444966	659.271276	0.0
ENST00000481113	1314.381975	181.894211
ENST00000447037	0.0	0.0
ENST00000430259	314.31049900000005	350.945423
ENST00000494755	0.0	102.888062
ENST00000479557	986.625599	301.324544
ENST00000426537	964.052178	702.848565
ENST00000495475	0.0	0.0
ENST00000397701	1953.722817	1844.39268
ENST00000468924	77.477813	294.39637700000003
ENST00000397694	0.0	0.0
ENST00000329319	0.0	0.0
ENST00000339195	310.927633	363.582203
ENST00000397692	0.0	180.177156
ENST00000492864	0.0	80.01180699999999
ENST00000397691	0.0	0.0
ENST00000491666	241.584299	651.381161
ENST00000397683	0.0	0.0
ENST00000417060	0.0	0.0
ENST00000397682	65.42240600000001	85.554259
ENST00000291691	292.183676	0.0
ENST00000397679	752.124835	478.053621
ENST00000397680	0.0	0.0
ENST00000472607	738.700835	340.099023
ENST00000445935	1002.113307	640.0545639999999
ENST00000475776	548.206961	179.747185
ENST00000359568	1547.670277	1966.334667
ENST00000490468	0.0	0.0
ENST00000480896	242.513366	104.19702
ENST00000466474	0.0	0.0
ENST00000483844	0.0	0.0
ENST00000450007	0.0	0.0
ENST00000482575	0.0	475.093151
ENST00000418394	0.0	711.801526
ENST00000465356	648.2084940000001	1472.369379
ENST00000400274	352.629746	180.555249
ENST00000457905	0.0	0.0
ENST00000466639	0.0	0.0
ENST00000435722	0.0	0.0
ENST00000417564	262.358436	315.484568
ENST00000442434	0.0	0.0
ENST00000473752	0.0	0.0
ENST00000494435	510.991163	375.937683
ENST00000365369	0.0	0.0
ENST00000480553	180.305695	131.124928
ENST00000472364	46.599408	74.51773
ENST00000481883	49.118295	111.353369
ENST00000478105	75.350611	282.586221
ENST00000479654	570.953486	0.0
ENST00000291700	0.0	122.181816
ENST00000367071	0.0	0.0
ENST00000397648	72.287139	0.0
ENST00000355680	70.418576	130.86694599999998
ENST00000451211	0.0	0.0
ENST00000458387	0.0	265.708906
ENST00000291705	0.0	101.674824
ENST00000397638	996.821177	1199.295202
ENST00000397637	128.793454	156.904558
ENST00000334494	204.022261	416.970485
ENST00000397628	1358.35833	0.0
ENST00000440086	0.0	0.0
ENST00000482508	175.118989	0.0
ENST00000621201	0.0	0.0
ENST00000481861	1365.98038	1285.001437
ENST00000455177	0.0	0.0
ENST00000491389	0.0	0.0
ENST00000498151	0.0	140.07717
ENST00000419906	328.555444	146.64709399999998
ENST00000486520	237.231975	300.72909300000003
ENST00000427757	2180.49015	1339.182357
