ID	activities_GSM1705375	activities_GSM1705377	deltas_GSM1705375	deltas_GSM1705377	zscores_GSM1705375	zscores_GSM1705377	combined.Zscore	regions_present_fraction	region	motif	standard_zscores_GSM1705375	pval_GSM1705375	corr_pval_GSM1705375	standard_zscores_GSM1705377	pval_GSM1705377	corr_pval_GSM1705377	combined.standard.Zscore	max.abs.standard.Zscore	significance-marker
u50to0.d0to0|RBMX_843	44.123163831999996	-44.123163831999996	0.55130208	0.16799047	80.03445973	-262.65278650000005	194.15457886	0.16042779999999998	u50to0.d0to0	RBMX_843	3.71762246999357	0.00010055325089588199	0.0100553250895882	-12.2248081715171	1.1456095972786396e-34	1.1456095972786394e-32	9.035116259899269	12.2248081715171	True
u50to0.d0to0|SF1_1204	-27.574856899	27.574856899	0.10903317	0.69930419	-252.90337115	39.43184829999999	180.99031162	0.2406417	u50to0.d0to0	SF1_1204	-11.7504070203444	3.51397570580518e-32	3.51397570580518e-30	1.7658906769316798	0.0387070958107022	1.0	8.40209601904885	11.7504070203444	True
u50to0.d0to0|SF1_1200	-16.530556012	16.530556012	0.09761453	0.32005183	-169.34524364	51.6496219	125.19084429	0.2620321	u50to0.d0to0	SF1_1200	-7.86836220415182	1.7965701192667103e-15	1.7965701192667102e-13	2.33174266456852	0.009857116452020441	0.985711645202044	5.802936654380001	7.86836220415182	True
u25to0.d0to25|PTBP1_992	-4.12759098	4.12759098	0.04379519	0.11081359	-94.2475964	37.2480585	71.6590095	0.1390374	u25to0.d0to25	PTBP1_992	-5.0193727121877005	2.592024109094901e-07	2.5920241090949e-05	2.63317358633761	0.00422955508691978	0.422955508691978	4.00797365009057	5.0193727121877005	True
u0to0.d0to50|PHAX_472	3.81001506	-3.81001506	0.04174143	0.17538438	91.2765901	-21.7237991	66.34508000000001	0.6898396	u0to0.d0to50	PHAX_472	4.45231210578289	4.2475283406201e-06	0.00042475283406201	-1.1907905464077702	0.116867910518747	1.0	3.25891586365121	4.45231210578289	True
u25to0.d0to25|PCBP2_M043_0.6	-1.6372275	1.6372275	0.03331033	0.032178700000000005	-49.1507392	50.8792247	50.02244829999999	0.6524064	u25to0.d0to25	PCBP2_M043_0.6	-2.63154312619479	0.00424990393725753	0.424990393725753	3.58162386726663	0.00017073258640149699	0.0170732586401497	3.1426938087886502	3.58162386726663	True
u0to0.d0to50|SRSF1_126	-2.64613085	2.64613085	0.05193042	0.06418273	-50.9553094	41.22808010000001	46.34759	0.3582888	u0to0.d0to50	SRSF1_126	-2.9490693790423594	0.00159366207148144	0.15936620714814406	3.22651463282002	0.0006265391223386719	0.0626539122338672	3.09090657236732	3.22651463282002	False
u50to0.d0to0|PABPN1_M148_0.6	1.930748321	-1.930748321	0.02857784	0.03089259	67.56103848	-62.4987559	65.07913799	0.540107	u50to0.d0to0	PABPN1_M148_0.6	3.1381171394324703	0.0008501845445156048	0.0850184544515605	-2.95490681661442	0.0015638175060000302	0.15638175060000306	3.0478888985389703	3.1381171394324703	False
u25to0.d0to25|SRP68_573	1.17763878	-1.17763878	0.02545394	0.02312696	46.265481	-50.9206089	48.6487571	0.8128342	u25to0.d0to25	SRP68_573	2.42064205306809	0.0077465623192739	0.77465623192739	-3.5015617794939704	0.00023126985993629	0.023126985993628998	3.01002016975756	3.5015617794939704	True
u25to0.d0to25|PTBP1_1000	-3.04364728	3.04364728	0.07385962	0.06035429	-41.2085409	50.4296798	46.0504965	0.22994650000000005	u25to0.d0to25	PTBP1_1000	-2.21101235629088	0.0135174907072546	1.0	3.5503447396821404	0.00019236349614843896	0.0192363496148439	2.95749246915859	3.5503447396821404	True
u25to0.d0to25|RBM25_1143	-1.94616347	1.94616347	0.02709608	0.08425359	-71.8245451	23.0988782	53.3494304	0.1283422	u25to0.d0to25	RBM25_1143	-3.83209651098987	6.352793706416329e-05	0.00635279370641633	1.64868012234841	0.0496065922661548	1.0	2.94983981051239	3.83209651098987	True
u25to0.d0to25|PCBP1_M177_0.6	-2.07193498	2.07193498	0.03942324	0.04765551	-52.5561831	43.4773458	48.2308614	0.5347594	u25to0.d0to25	PCBP1_M177_0.6	-2.81185768030653	0.00246281460786686	0.24628146078668606	3.06660453443012	0.00108252544862499	0.108252544862499	2.94198971657671	3.06660453443012	False
u25to0.d0to25|SRP19_540	1.30863156	-1.30863156	0.02582406	0.02826613	50.674891	-46.2968032	48.5352375	0.8449198	u25to0.d0to25	SRP19_540	2.6541155212540897	0.00397582995609123	0.39758299560912297	-3.179839503440569	0.00073678321148449	0.07367832114844901	2.9287974040383102	3.179839503440569	False
u0to0.d0to50|RBMX_1361	1.36472546	-1.36472546	0.02719086	0.02580341	50.1906028	-52.8893522	51.557639	0.8663101999999999	u0to0.d0to50	RBMX_1361	2.3143032149715497	0.0103255477862748	1.0	-3.37766345428006	0.000365522456344337	0.0365522456344337	2.89522104347896	3.37766345428006	True
u0to0.d0to50|SF1_1185	5.5153903	-5.5153903	0.06770392	0.30920687	81.4633879	-17.8372177	58.967999	0.34759359999999995	u0to0.d0to50	SF1_1185	3.9416583542317096	4.04600917615169e-05	0.00404600917615169	-0.918070869634241	0.17929088220263895	1.0	2.86177608341006	3.9416583542317096	True
u0to0.d0to50|QKI_1139	-1.36072068	1.36072068	0.04135257	0.03098531	-32.9053455	43.9150315	38.802653	0.4117647	u0to0.d0to50	QKI_1139	-2.0097957767009698	0.022226403987073	1.0	3.41505680958086	0.00031884355039057	0.031884355039057004	2.8019539679221803	3.41505680958086	True
u0to0.d0to50|SRP19_540	1.2218491000000002	-1.2218491000000002	0.02295307	0.02550782	53.23249820000001	-47.9009539	50.636944	0.802139	u0to0.d0to50	SRP19_540	2.47259561190558	0.0067067913865348295	0.6706791386534829	-3.0276297789288504	0.00123239926029323	0.123239926029323	2.76407951570423	3.0276297789288504	False
u0to0.d0to50|RBM25_1143	-1.45780133	1.45780133	0.02567294	0.05706832	-56.78357239999999	25.5448425	44.027906	0.1497326	u0to0.d0to50	RBM25_1143	-3.25235716475384	0.000572260519542013	0.0572260519542013	2.12602887198288	0.0167504277942067	1.0	2.74752851592394	3.25235716475384	False
u0to0.d0to50|SF1_1190	-2.47776814	2.47776814	0.05560189	0.07158147	-44.5626593	34.61466	39.899908	0.33689840000000004	u0to0.d0to50	SF1_1190	-2.6164123432055697	0.0044429588337409395	0.444295883374094	2.76245390530263	0.0028684330838264697	0.286843308382647	2.6904242350046004	2.76245390530263	False
u0to0.d0to50|SF1_1204	14.08623119	-14.08623119	0.34397265	0.27162835	40.9516018	-51.8584712	46.724377	0.3315508	u0to0.d0to50	SF1_1204	1.83352941401643	0.0333619392198825	1.0	-3.30532699604662	0.000474328250635305	0.0474328250635305	2.6727342425742595	3.30532699604662	True
u0to0.d0to50|SRP68_573	1.06977006	-1.06977006	0.02196362	0.02266345	48.706446	-47.2024263	47.960332	0.9465241	u0to0.d0to50	SRP68_573	2.23707152012171	0.012640833001597	1.0	-2.9786144099752003	0.00144777453496645	0.14477745349664498	2.6340684111704102	2.9786144099752003	False
u50to0.d0to0|PCBP1_M177_0.6	-5.594178502	5.594178502	0.08626494	0.11735556	-64.84880999	47.668629	56.91074742	0.5989305	u50to0.d0to0	PCBP1_M177_0.6	-3.0135401700768703	0.0012910942701577302	0.129109427015773	2.14736760418655	0.0158820138078299	1.0	2.6165446665571	3.0135401700768703	False
u25to0.d0to25|RC3H1_531	-1.53377925	1.53377925	0.04220912	0.03559863	-36.3376265	43.0853438	39.85454779999999	0.7807487	u25to0.d0to25	RC3H1_531	-1.95310273160069	0.0254037116847884	1.0	3.03932921538774	0.00118552797343155	0.118552797343155	2.55461664048596	3.03932921538774	False
u25to0.d0to25|RBMX_1361	0.93479073	-0.93479073	0.02507156	0.02190112	37.2849106	-42.68232	40.07458670000001	0.8609626	u25to0.d0to25	RBMX_1361	1.94513060877586	0.0258796303985384	1.0	-2.92834542317227	0.0017038561444307	0.17038561444307	2.4858338643814	2.92834542317227	False
u0to0.d0to50|RBFOX1_M159_0.6	-3.00559724	3.00559724	0.066649	0.10826524	-45.0959082	27.7614243	37.445545	0.368984	u0to0.d0to50	RBFOX1_M159_0.6	-2.64416124165337	0.00409468172518164	0.409468172518164	2.2815654245012595	0.0112575049892734	1.0	2.4695272278456	2.64416124165337	False
u0to0.d0to50|RBFOX1_335	-2.15281814	2.15281814	0.05111693	0.07158512	-42.1155569	30.0735408	36.593292	0.3101604	u0to0.d0to50	RBFOX1_335	-2.4890714410696804	0.006403861324810229	0.6403861324810229	2.44380560414674	0.00726662753438353	0.7266627534383531	2.46654236428322	2.4890714410696804	False
u0to0.d0to50|RBM3_M048_0.6	1.35910608	-1.35910608	0.0384639	0.02855495	35.3345899	-47.5961682	41.916157	0.7967914	u0to0.d0to50	RBM3_M048_0.6	1.54123459110504	0.0616298507772953	1.0	-3.0062431028157	0.00132248721927935	0.132248721927935	2.38881787271923	3.0062431028157	False
u0to0.d0to50|PTBP1_11	1.30423257	-1.30423257	0.02988141	0.03162874	43.6469624	-41.2356758	42.45844	0.8235294	u0to0.d0to50	PTBP1_11	1.97378903306038	0.0242028681905867	1.0	-2.55993019876884	0.00523465943723918	0.523465943723919	2.28572589887743	2.55993019876884	False
u0to0.d0to50|RALY_M150_0.6	-0.5923130999999999	0.5923130999999999	0.02459344	0.01661357	-24.0841891	35.65236820000001	30.423178000000004	0.4705882000000001	u0to0.d0to50	RALY_M150_0.6	-1.5507655318457498	0.060478941783378	1.0	2.83526942510346	0.00228935266664684	0.228935266664684	2.28512871056395	2.83526942510346	False
u25to0.d0to25|SF1_1204	-4.80264071	4.80264071	0.09897038	0.18700042	-48.52604210000001	25.6825128	38.8224692	0.3101604	u25to0.d0to25	SF1_1204	-2.59846609355261	0.004682064621524	0.4682064621524	1.82844823068443	0.0337411542540208	1.0	2.24669189828463	2.59846609355261	False
u0to0.d0to50|RBMX_844	-4.28306079	4.28306079	0.13876270000000002	0.13724697	-30.8660803	31.2069602	31.036988	0.1336898	u0to0.d0to50	RBMX_844	-1.9036776713604096	0.0284760880918523	1.0	2.52333713600063	0.0058123446841670786	0.581234468416708	2.23508601382095	2.52333713600063	False
u0to0.d0to50|RBMX_845	1.89475263	-1.89475263	0.09065985	0.03922398	20.8995776	-48.305979	37.217334	0.2887701	u0to0.d0to50	RBMX_845	0.7900737534446719	0.21474234850645496	1.0	-3.0560502088617403	0.0011213684822482	0.11213684822482	2.2320012785576604	3.0560502088617403	False
u25to0.d0to25|RBM46_M052_0.6	1.03071688	-1.03071688	0.03428411	0.02585153	30.0639855	-39.8706384	35.309425299999994	0.5989305	u25to0.d0to25	RBM46_M052_0.6	1.56279047106847	0.0590509431135737	1.0	-2.7327099093596	0.00314078152223021	0.314078152223021	2.22598489495937	2.7327099093596	False
u50to0.d0to0|PCBP2_M043_0.6	-2.130327601	2.130327601	0.03979704	0.0513436	-53.52979768	41.4915932	47.89045595	0.7005348000000001	u50to0.d0to0	PCBP2_M043_0.6	-2.48766776996598	0.00642918947788246	0.642918947788246	1.86128536862001	0.0313519441313181	1.0	2.19691535535241	2.48766776996598	False
u50to0.d0to0|PTBP1_8	1.987137146	-1.987137146	0.11392131	0.03189611	17.44306715	-62.3003015	45.74706637	0.486631	u50to0.d0to0	PTBP1_8	0.8096756508839279	0.20906330796267894	1.0	-2.94571563167584	0.0016110423717359099	0.161104237173591	2.16018694125459	2.94571563167584	False
u0to0.d0to50|RBM4_s102	1.90714976	-1.90714976	0.04041274	0.05457773	47.1917965	-34.9437354	41.521864	0.3208556	u0to0.d0to50	RBM4_s102	2.15825306375074	0.0154540808952044	1.0	-2.11842755787051	0.0170694370205293	1.0	2.13843302503664	2.15825306375074	False
u50to0.d0to0|SFPQ_s26	1.68974767	-1.68974767	0.03639677	0.03829414	46.42575607	-44.1254866	45.29022737	0.6096256999999999	u50to0.d0to0	SFPQ_s26	2.1561885591314502	0.015534472269358997	1.0	-2.10397019811366	0.0176905233647947	1.0	2.1302393876134897	2.1561885591314502	False
u0to0.d0to50|RBFOX1_M298_0.6	-2.54508754	2.54508754	0.08249222	0.09016754	-30.8524539	28.2262062	29.568502	0.2887701	u0to0.d0to50	RBFOX1_M298_0.6	-1.90296858862286	0.0285223220368732	1.0	2.31417896233639	0.0103289537312766	1.0	2.11857425159063	2.31417896233639	False
u25to0.d0to25|RBFOX1_M298_0.6	0.89834909	-0.89834909	0.02511724	0.02631515	35.7662391	-34.138098799999995	34.9616479	0.3208556	u25to0.d0to25	RBFOX1_M298_0.6	1.86471860305622	0.0311104288951577	1.0	-2.33384243798677	0.00980198686944162	0.980198686944162	2.11234419471969	2.33384243798677	False
u25to0.d0to25|RBFOX1_s92	0.7794711	-0.7794711	0.02257649	0.02265342	34.5257909	-34.4085353	34.467213	0.3796791	u25to0.d0to25	RBFOX1_s92	1.79903821875104	0.0360063176486588	1.0	-2.35265928539623	0.00931985228110199	0.9319852281101992	2.094223510718	2.35265928539623	False
u25to0.d0to25|PTBP1_489	-1.05805747	1.05805747	0.03118864	0.03257797	-33.9244477	32.4776953	33.2089509	0.8288770000000001	u25to0.d0to25	PTBP1_489	-1.82532753632764	0.0339758085974135	1.0	2.3012539067746403	0.0106886417360429	1.0	2.07696776074178	2.3012539067746403	False
u50to0.d0to0|PHAX_472	2.66497697	-2.66497697	0.04400296	0.18635144	60.56358202	-14.300812099999998	44.00261749	0.7593583	u50to0.d0to0	PHAX_472	2.81302082161677	0.0024539236549262398	0.245392365492624	-0.72267505392743	0.234939772592225	1.0	2.05369732146907	2.81302082161677	False
u0to0.d0to50|SF1_1200	1.76014364	-1.76014364	0.06145468	0.04207139	28.6413285	-41.8370669	35.85154	0.3315508	u0to0.d0to50	SF1_1200	1.19293451796247	0.116447509671544	1.0	-2.6021295430065496	0.00463234245833639	0.463234245833639	2.02412585116808	2.6021295430065496	False
u50to0.d0to0|PTBP1_1000	-2.838612388	2.838612388	0.06990015	0.06129467	-40.60952945	46.310916	43.55361534	0.22994650000000005	u50to0.d0to0	PTBP1_1000	-1.88740228053067	0.0295531193139909	1.0	2.08448670420897	0.0185579591920829	1.0	1.98838781284944	2.08448670420897	False
u0to0.d0to50|RBMX_526	1.84580567	-1.84580567	0.0913793	0.043618199999999996	20.1993853	-42.3173297	33.156987	0.4973262	u0to0.d0to50	RBMX_526	0.75363755071339	0.225533444967104	1.0	-2.63582936866371	0.00419659627208012	0.419659627208012	1.93850019584154	2.63582936866371	False
u25to0.d0to25|PTBP1_8	-1.28446417	1.28446417	0.03649957	0.04851285	-35.1912177	26.476779600000004	31.1403409	0.4385027	u25to0.d0to25	PTBP1_8	-1.89240163134126	0.0292187444240308	1.0	1.8837129496776297	0.0298019069178762	1.0	1.8880622885760805	1.89240163134126	False
u25to0.d0to25|RBMS3_M055_0.6	-1.07261041	1.07261041	0.0329232	0.03806614	-32.5791646	28.1775482	30.4579726	0.4438503	u25to0.d0to25	RBMS3_M055_0.6	-1.75409625798224	0.0397070073856607	1.0	2.00205164739414	0.0226395885512299	1.0	1.88216158725824	2.00205164739414	False
u0to0.d0to50|SRSF1_1234	-1.26711604	1.26711604	0.04781741	0.05231999	-26.4990537	24.2185851	25.384441	0.2941176	u0to0.d0to50	SRSF1_1234	-1.6764288619540502	0.0468271097628769	1.0	2.03296598400464	0.0210279798818762	1.0	1.86324507530712	2.03296598400464	False
u50to0.d0to0|SRSF1_1223	2.055128395	-2.055128395	0.05244814	0.05214941	39.18401233	-39.40847150000001	39.29640216	0.27272729999999995	u50to0.d0to0	SRSF1_1223	1.81974284662195	0.0343990875284605	1.0	-1.88550712477205	0.0296807017210624	1.0	1.85291677435846	1.88550712477205	False
u0to0.d0to50|SF1_1199	6.04024917	-6.04024917	0.11567235	0.31805231	52.21860770000001	-18.9913705	39.290299	0.2941176	u0to0.d0to50	SF1_1199	2.4198353633205496	0.00776376771498744	0.7763767714987441	-0.999057254883568	0.15888347817826198	1.0	1.85117781211209	2.4198353633205496	False
u25to0.d0to25|PTBP1_M227_0.6	-0.75503822	0.75503822	0.02782668	0.02477876	-27.133611600000005	30.471187	28.8507029	0.5508021	u25to0.d0to25	PTBP1_M227_0.6	-1.46576014383075	0.0713568213202356	1.0	2.16164198121383	0.0153228914548972	1.0	1.8467740595683	2.16164198121383	False
u25to0.d0to25|PHAX_472	1.91794744	-1.91794744	0.04178856	0.13205545	45.8964757	-14.5238036	34.0398836	0.7647059	u25to0.d0to25	PHAX_472	2.4011036233983503	0.00817285350452713	0.8172853504527131	-0.969088790374072	0.166250445060862	1.0	1.8309057449696	2.4011036233983503	False
u50to0.d0to0|PIWIL1_508	-1.641146049	1.641146049	0.0427199	0.04067215	-38.41643012	40.3506123	39.39539323	0.9144385	u50to0.d0to0	PIWIL1_508	-1.78551261235443	0.0370891037101162	1.0	1.80844216401842	0.0352688553099505	1.0	1.79701396064087	1.80844216401842	False
u0to0.d0to50|SFPQ_M168_0.6	-1.00061452	1.00061452	0.04617174	0.04155296	-21.6715798	24.0804646	22.907708	0.9572193	u0to0.d0to50	SFPQ_M168_0.6	-1.425219561737	0.0770468717141796	1.0	2.02327413035768	0.0215224462563864	1.0	1.74998414360423	2.02327413035768	False
u50to0.d0to0|QKI_M046_0.6	-3.514850444	3.514850444	0.09001378	0.09731156	-39.04791552	36.119556	37.61224556	0.4010695	u50to0.d0to0	QKI_M046_0.6	-1.81485092685026	0.0347734108321005	1.0	1.61248570783083	0.0534281437704259	1.0	1.716652854343	1.81485092685026	False
u25to0.d0to25|RBMS1_M143_0.6	-1.52367111	1.52367111	0.048513	0.06766732	-31.4074802	22.5170901	27.3262617	0.486631	u25to0.d0to25	RBMS1_M143_0.6	-1.69205684216755	0.045317568091419014	1.0	1.6081995736712	0.0538957382638987	1.0	1.6506608109908998	1.69205684216755	False
u50to0.d0to0|RBFOX1_335	1.887957887	-1.887957887	0.05551185	0.05372749	34.00999549	-35.1395172	34.57936857	0.315508	u50to0.d0to0	RBFOX1_335	1.57936209790051	0.0571265129070626	1.0	-1.6877954667506698	0.0457252490573199	1.0	1.63447823079245	1.6877954667506698	False
u0to0.d0to50|RC3H1_531	1.32581513	-1.32581513	0.03962215	0.0436404	33.46146760000001	-30.3804551	31.958112	0.7272727	u0to0.d0to50	RC3H1_531	1.4437621340910398	0.0744029483934404	1.0	-1.7982242222493898	0.0360707412768434	1.0	1.63065315952221	1.7982242222493898	False
u50to0.d0to0|SRP68_573	-1.08399364	1.08399364	0.03003623	0.03170782	-36.08953327	34.1869547	35.15111866	0.7379679	u50to0.d0to0	SRP68_573	-1.67740681674195	0.046731478645864015	1.0	1.5229795242398605	0.0638819141140659	1.0	1.60205497098355	1.67740681674195	False
u0to0.d0to50|RBMX_843	1.13675597	-1.13675597	0.0303029	0.04258048	37.5131133	-26.6966463	32.557216	0.2673797	u0to0.d0to50	RBMX_843	1.6545993342723602	0.0490028993260677	1.0	-1.5397330080343703	0.0618127237252838	1.0	1.59819846905901	1.6545993342723602	False
u25to0.d0to25|RALY_M150_0.6	-0.57006406	0.57006406	0.02456459	0.02167623	-23.2067435	26.2990443	24.8011358	0.3636364	u25to0.d0to25	RALY_M150_0.6	-1.2578367449143502	0.104225401905115	1.0	1.87134620916969	0.0306485547517242	1.0	1.59437917564024	1.87134620916969	False
u0to0.d0to50|RBMX_847	0.57639921	-0.57639921	0.02153292	0.01763332	26.7682849	-32.6880729	29.875167	0.4545455	u0to0.d0to50	RBMX_847	1.09546615629365	0.136656232333024	1.0	-1.96014873012998	0.0249892044857794	1.0	1.58780180498306	1.96014873012998	False
u25to0.d0to25|RBFOX1_M159_0.6	0.68589817	-0.68589817	0.02536348	0.02673632	27.042748	-25.6541733	26.3576064	0.4331551	u25to0.d0to25	RBFOX1_M159_0.6	1.4028192283537702	0.0803353758087528	1.0	-1.74353479990251	0.0406201205124798	1.0	1.58237406859285	1.74353479990251	False
u50to0.d0to0|RBFOX1_M298_0.6	0.876571065	-0.876571065	0.02581106	0.02703004	33.96105891	-32.4295169	33.204119399999996	0.3529412	u50to0.d0to0	RBFOX1_M298_0.6	1.57708854292301	0.057387576534719	1.0	-1.5622849517865198	0.0591104377172764	1.0	1.5697041986943998	1.57708854292301	False
u25to0.d0to25|SNRPA_518	-5.40449309	5.40449309	0.13640845	0.65767603	-39.6199291	8.2175613	28.6117729	0.3636364	u25to0.d0to25	SNRPA_518	-2.12689708768415	0.0167143174501714	1.0	0.613244930134341	0.26985720017052	1.0	1.56520934157939	2.12689708768415	False
u50to0.d0to0|RBFOX1_s92	0.762100289	-0.762100289	0.02314303	0.02325495	32.93000651	-32.7715368	32.85086723	0.4491979	u50to0.d0to0	RBFOX1_s92	1.5291866601987498	0.0631090883133881	1.0	-1.57812520603925	0.0572684242831955	1.0	1.55384861033278	1.57812520603925	False
u0to0.d0to50|PCBP2_777	2.09371828	-2.09371828	0.06958931	0.07085163	30.086781899999995	-29.5507418	29.819966	0.171123	u0to0.d0to50	PCBP2_777	1.2681521876241102	0.10237180382345	1.0	-1.74000361145999	0.0409291919078069	1.0	1.52246880737663	1.74000361145999	False
u0to0.d0to50|RBFOX1_s92	-1.22401213	1.22401213	0.05084666	0.07501028	-24.0726147	16.3179244	20.564112	0.34759359999999995	u0to0.d0to50	RBFOX1_s92	-1.55016322989971	0.0605511714228672	1.0	1.47858015989676	0.0696262792636018	1.0	1.5147945947509598	1.55016322989971	False
u50to0.d0to0|SART3_M062_0.6	1.13370563	-1.13370563	0.03221149	0.03994762	35.19569314	-28.3798017	31.969907399999997	0.4919786	u50to0.d0to0	SART3_M062_0.6	1.63444867718274	0.0510823371873325	1.0	-1.37472709793309	0.0846080334563713	1.0	1.5101816235367098	1.63444867718274	False
u25to0.d0to25|SF1_1206	-1.16910264	1.16910264	0.05006488	0.04957717	-23.351753100000003	23.5814708	23.4668931	0.3208556	u25to0.d0to25	SF1_1206	-1.2655148456653	0.102843415023679	1.0	1.6822586937141002	0.0462593435689113	1.0	1.4885432706468302	1.6822586937141002	False
u0to0.d0to50|RBM42_M142_0.6	2.19767916	-2.19767916	0.11191823	0.06689992	19.6364717	-32.8502499	27.062243	0.368984	u0to0.d0to50	RBM42_M142_0.6	0.724344977730518	0.234426985200903	1.0	-1.9715286176115805	0.0243317214926604	1.0	1.48519371410346	1.9715286176115805	False
u50to0.d0to0|SF1_1185	-2.018086578	2.018086578	0.05397317	0.07550571	-37.39054831	26.7276018	32.49936768	0.2994652	u50to0.d0to0	SF1_1185	-1.7378509511706	0.0411185400822006	1.0	1.1775082621967	0.119496350876835	1.0	1.4843604070484495	1.7378509511706	False
u50to0.d0to0|RBMY1A1_410	8.635595197	-8.635595197	0.20682843	0.6026627	41.75245766	-14.3290687	31.21369836	0.2780749	u50to0.d0to0	RBMY1A1_410	1.9390707944365704	0.0262463591880281	1.0	-0.7239837255231999	0.234537863235497	1.0	1.46358258746463	1.9390707944365704	False
u50to0.d0to0|SF1_1190	1.446710765	-1.446710765	0.04417553	0.05088113	32.74914593	-28.4331519	30.66717045	0.315508	u50to0.d0to0	SF1_1190	1.52078402004913	0.0641570229167982	1.0	-1.37719795045493	0.0842255276701049	1.0	1.45076845677973	1.52078402004913	False
u25to0.d0to25|RBMX_847	0.54743304	-0.54743304	0.02387531	0.02254535	22.9288324	-24.2814215	23.614813	0.4224599	u25to0.d0to25	RBMX_847	1.18499186756026	0.118010331170112	1.0	-1.6480193604123898	0.0496743491919802	1.0	1.4353002366191598	1.6480193604123898	False
u0to0.d0to50|PPRC1_M044_0.6	0.91141691	-0.91141691	0.03243563	0.03217803	28.0992503	-28.3241955	28.211947	0.3957219	u0to0.d0to50	PPRC1_M044_0.6	1.1647261654978602	0.122064927052209	1.0	-1.65393740672702	0.0490701156194715	1.0	1.4304013398284798	1.65393740672702	False
u25to0.d0to25|SRP68_347	4.78146518	-4.78146518	0.19434928	0.20627070000000003	24.6024333	-23.1805353	23.90206	0.5989305	u25to0.d0to25	SRP68_347	1.27360721666189	0.10140132668852303	1.0	-1.5714202044531	0.0580425379620041	1.0	1.43028612544775	1.5714202044531	False
u25to0.d0to25|PTBP1_991	-1.32820955	1.32820955	0.05997329	0.059837800000000003	-22.146683300000007	22.1968311	22.1717714	0.3101604	u25to0.d0to25	PTBP1_991	-1.20170770919756	0.11473839661799	1.0	1.5859160996042498	0.0563791715953325	1.0	1.40698814730772	1.5859160996042498	False
u0to0.d0to50|RBMY1A1_M246_0.6	-1.50151234	1.50151234	0.14899758	0.07449019	-10.077428	20.1571815	15.935282999999998	0.6203209	u0to0.d0to50	RBMY1A1_M246_0.6	-0.821889782929025	0.205569814203383	1.0	1.74797911172689	0.0402338222416492	1.0	1.36582096014021	1.74797911172689	False
u0to0.d0to50|PTBP1_s100	0.60023091	-0.60023091	0.02066488	0.02312704	29.0459393	-25.9536432	27.543222	0.5668449000000001	u0to0.d0to50	PTBP1_s100	1.213989421217	0.112375881921836	1.0	-1.4875968131578898	0.0684286271949359	1.0	1.35770294861289	1.4875968131578898	False
u25to0.d0to25|RBM42_M142_0.6	-1.60831489	1.60831489	0.08356269	0.07285125	-19.2468064	22.0766963	20.7101434	0.4545455	u25to0.d0to25	RBM42_M142_0.6	-1.0481623783810798	0.14728190033764998	1.0	1.57755717541995	0.0573336885975829	1.0	1.33927797957938	1.57755717541995	False
u25to0.d0to25|PIWIL1_508	-0.66551961	0.66551961	0.03490947	0.03014493	-19.0641543	22.0773345	20.6258415	0.8823529	u25to0.d0to25	PIWIL1_508	-1.03849114815789	0.149520727109978	1.0	1.57760158108271	0.0573285844670492	1.0	1.33553184414243	1.57760158108271	False
u25to0.d0to25|SF1_1203	1.38942176	-1.38942176	0.07846453	0.05731066	17.7076425	-24.2436866	21.2287181	0.3048128	u25to0.d0to25	SF1_1203	0.908535535758331	0.181797673888208	1.0	-1.64539378340888	0.0499443153615308	1.0	1.32905182784876	1.64539378340888	False
u25to0.d0to25|PTBP1_s100	-0.49369091	0.49369091	0.02420878	0.02346466	-20.3930481	21.0397625	20.7189287	0.5187166	u25to0.d0to25	PTBP1_s100	-1.10885463087709	0.133746449253531	1.0	1.5054077980677198	0.0661096327294758	1.0	1.32208381559201	1.5054077980677198	False
u0to0.d0to50|RNASEL_563	0.67391755	-0.67391755	0.02647656	0.02526587	25.4533628	-26.6730417	26.070336	0.657754	u0to0.d0to50	RNASEL_563	1.02704099907406	0.152200579459535	1.0	-1.53807668382041	0.0620149330977466	1.0	1.30776395023931	1.53807668382041	False
u25to0.d0to25|SNRPA_M069_0.6	2.24794058	-2.24794058	0.08464433	0.1229216	26.557485	-18.2875966	22.8006162	0.4545455	u25to0.d0to25	SNRPA_M069_0.6	1.37712507979595	0.0842367899673768	1.0	-1.23097177792129	0.109166709907493	1.0	1.3060943693779798	1.37712507979595	False
u50to0.d0to0|RALY_M150_0.6	-0.7244849659999999	0.7244849659999999	0.02753774	0.02434933	-26.30880145	29.753793	28.08417019	0.2780749	u50to0.d0to0	RALY_M150_0.6	-1.22300171706022	0.110664523881521	1.0	1.3176627912910202	0.0938082778193276	1.0	1.27121367823924	1.3176627912910202	False
u0to0.d0to50|PTBP1_8	0.55131314	-0.55131314	0.02086218	0.02210495	26.4264386	-24.9407081	25.694314	0.4278075	u0to0.d0to50	PTBP1_8	1.0776773558602	0.140588883627146	1.0	-1.41651961069287	0.0783117133028866	1.0	1.25855398986522	1.41651961069287	False
u25to0.d0to25|RNASEL_563	0.63562906	-0.63562906	0.02949473	0.03133568	21.5505964	-20.2845155	20.927132800000006	0.6363635999999999	u25to0.d0to25	RNASEL_563	1.11201576896684	0.13306568518746198	1.0	-1.3699164774362498	0.0853564877441402	1.0	1.2476478320388	1.3699164774362498	False
u50to0.d0to0|PUM1_419	-4.587679812	4.587679812	0.16649014	0.16852155	-27.55526424	27.2231055	27.38968839	0.2780749	u50to0.d0to0	PUM1_419	-1.28091139690455	0.10011239461929	1.0	1.20045694030335	0.114980963112459	1.0	1.24133614952648	1.28091139690455	False
u50to0.d0to0|RBFOX1_M159_0.6	0.670459769	-0.670459769	0.02525528	0.0261586	26.547313300000003	-25.630567300000006	26.09296672	0.4973262	u50to0.d0to0	RBFOX1_M159_0.6	1.23265175895575	0.108852858642752	1.0	-1.2473995012161598	0.106125524680284	1.0	1.24004755442907	1.2473995012161598	False
u25to0.d0to25|PTBP1_1340	-0.84183959	0.84183959	0.04674714	0.04322596	-18.0083664	19.4753224	18.7561915	0.342246	u25to0.d0to25	PTBP1_1340	-0.982588326083776	0.162905046119714	1.0	1.39655477474081	0.0812737490999362	1.0	1.20744462759322	1.39655477474081	False
u25to0.d0to25|PPRC1_M044_0.6	0.6243438	-0.6243438	0.03132045	0.03183043	19.9340636	-19.6146807	19.775017	0.4545455	u25to0.d0to25	PPRC1_M044_0.6	1.02642211374938	0.152346329429583	1.0	-1.3233096798288702	0.0928662069760645	1.0	1.18420666784192	1.3233096798288702	False
u50to0.d0to0|SAMD4A_M061_0.6	-1.476304741	1.476304741	0.06303738	0.05144675	-23.41951365	28.6957832	26.19085328	0.5508021	u50to0.d0to0	SAMD4A_M061_0.6	-1.08876768069869	0.138128173604815	1.0	1.26866229677627	0.102280767577529	1.0	1.18214193009884	1.26866229677627	False
u50to0.d0to0|RBM42_M142_0.6	-1.47832925	1.47832925	0.06671584	0.0504983	-22.15859292	29.2748305	25.96169237	0.4331551	u50to0.d0to0	RBM42_M142_0.6	-1.03018629634514	0.151461280667178	1.0	1.29548019964204	0.0975773137565966	1.0	1.1703744599148402	1.29548019964204	False
u50to0.d0to0|PPIE_45	0.70431096	-0.70431096	0.02628958	0.03193545	26.79050371	-22.0542058	24.53690163	0.21390370000000006	u50to0.d0to0	PPIE_45	1.2439501939329498	0.10675894710028	1.0	-1.08176447395695	0.139678598083971	1.0	1.1656814449285	1.2439501939329498	False
u50to0.d0to0|PABPC5_M162_0.6	0.651602379	-0.651602379	0.02782348	0.02627053	23.41915383	-24.8035472	24.12128435	0.6363635999999999	u50to0.d0to0	PABPC5_M162_0.6	1.08731993287714	0.138447721197142	1.0	-1.2090970262545502	0.11331278578081598	1.0	1.14982178082726	1.2090970262545502	False
u0to0.d0to50|PUM1_419	-0.7687746999999999	0.7687746999999999	0.05469573	0.05941166	-14.0554786	12.939796	13.50916	0.3101604	u0to0.d0to50	PUM1_419	-1.02889728377828	0.151763972451519	1.0	1.24153840249333	0.107203460406455	1.0	1.14018577991308	1.24153840249333	False
u0to0.d0to50|PCBP2_334	0.51500003	-0.51500003	0.02157467	0.02215328	23.8705872	-23.2471179	23.560915	0.7754011	u0to0.d0to50	PCBP2_334	0.944677436036129	0.17241179001913398	1.0	-1.29768114459749	0.0971984627683384	1.0	1.13498718301125	1.29768114459749	False
u0to0.d0to50|PTBP1_489	0.54478672	-0.54478672	0.02310782	0.02328515	23.5758545	-23.3963174	23.486258	0.802139	u0to0.d0to50	PTBP1_489	0.9293403059238192	0.176356376595387	1.0	-1.30815040671427	0.095411149652036	1.0	1.13466534511311	1.30815040671427	False
u25to0.d0to25|PABPC5_M162_0.6	0.42601219	-0.42601219	0.02319219	0.02233514	18.3687748	-19.0736257	18.7245172	0.5614973000000001	u25to0.d0to25	PABPC5_M162_0.6	0.9435417726496128	0.17270192963151398	1.0	-1.28566332153356	0.0992802935988707	1.0	1.12765270652615	1.28566332153356	False
u0to0.d0to50|SRP68_347	0.75984698	-0.75984698	0.02812167	0.03691453	27.0199855	-20.5839513	24.018521	0.5614973000000001	u0to0.d0to50	SRP68_347	1.10856400682583	0.133809156298584	1.0	-1.11080793660394	0.133325514759588	1.0	1.10968653890458	1.11080793660394	False
u0to0.d0to50|PTBP1_1340	-0.42538603	0.42538603	0.03599647	0.03181073	-11.817438	13.3724074	12.618897	0.342246	u0to0.d0to50	PTBP1_1340	-0.91243541891282	0.18076977577701006	1.0	1.27189455074653	0.101705294127456	1.0	1.10685458437532	1.27189455074653	False
u0to0.d0to50|PTBP1_991	-0.42946785	0.42946785	0.03683631	0.03194196	-11.6588195	13.4452577	12.58378	0.3208556	u0to0.d0to50	PTBP1_991	-0.90418132097011	0.182949631559902	1.0	1.27700642368167	0.100799989706555	1.0	1.10641069845594	1.27700642368167	False
u25to0.d0to25|PCBP2_334	-0.45741595	0.45741595	0.02444726	0.02833348	-18.7103163	16.144008499999998	17.474337600000002	0.8342245999999999	u25to0.d0to25	PCBP2_334	-1.0197558105422	0.153922142706857	1.0	1.16476348425549	0.122057371805131	1.0	1.09466339287234	1.16476348425549	False
u25to0.d0to25|RBFOX1_335	0.84155877	-0.84155877	0.04450089	0.04756026	18.9110533	-17.694580399999996	18.3129205	0.3529412	u25to0.d0to25	RBFOX1_335	0.972254829978758	0.16546189467058806	1.0	-1.18970998320519	0.117080200103562	1.0	1.08643667522666	1.18970998320519	False
u50to0.d0to0|SRSF1_1224	-1.114533815	1.114533815	0.04391586	0.04990114	-25.37884582	22.3348362	23.90534169	0.2673797	u50to0.d0to0	SRSF1_1224	-1.17979671067351	0.119040539053726	1.0	0.974062427680438	0.165012771753725	1.0	1.0818312926549	1.17979671067351	False
u25to0.d0to25|SFPQ_M168_0.6	-0.7988781	0.7988781	0.04793046	0.04717278	-16.6674404	16.935150600000004	16.801828699999998	0.9197861	u25to0.d0to25	SFPQ_M168_0.6	-0.911587751448896	0.180992886310223	1.0	1.21981078805843	0.11126830541627003	1.0	1.07678470161295	1.21981078805843	False
u0to0.d0to50|SRSF1_1224	-0.86262018	0.86262018	0.05306388	0.09101229	-16.2562584	9.4780621	13.306006	0.3315508	u0to0.d0to50	SRSF1_1224	-1.14342019264162	0.126432086307302	1.0	0.998630084585984	0.15898696040603194	1.0	1.07346909195859	1.14342019264162	False
u0to0.d0to50|RBMX_842	-0.71486162	0.71486162	0.05605466	0.05969527	-12.7529375	11.9751806	12.370173	0.197861	u0to0.d0to50	RBMX_842	-0.9611164018899432	0.16824682179949302	1.0	1.17385177174406	0.120227201433654	1.0	1.07277041346426	1.17385177174406	False
u25to0.d0to25|SF1_1200	0.9101933000000001	-0.9101933000000001	0.0662466	0.04565016	13.7394714	-19.9384469	17.121839	0.3315508	u25to0.d0to25	SF1_1200	0.6984251878722251	0.24245566444053	1.0	-1.34583718326033	0.0891775154405229	1.0	1.07216497492234	1.34583718326033	False
u0to0.d0to50|PABPC5_M162_0.6	0.46942561	-0.46942561	0.02084486	0.02103878	22.5199735	-22.3124015	22.416428	0.6256684	u0to0.d0to50	PABPC5_M162_0.6	0.8743949799382171	0.19095159515075305	1.0	-1.23209251329212	0.108957263873697	1.0	1.0683207716439	1.23209251329212	False
u50to0.d0to0|PTBP1_M227_0.6	-0.573152459	0.573152459	0.02576262	0.02362893	-22.24744778	24.2563827	23.27360131	0.6256684	u50to0.d0to0	PTBP1_M227_0.6	-1.03431442318253	0.150494598131375	1.0	1.06305662105472	0.14387813743425398	1.0	1.04878398766659	1.06305662105472	False
u50to0.d0to0|SF1_1199	-13.392816375	13.392816375	0.56853099	0.59586906	-23.55688032	22.4761062	23.02283607	0.25133690000000003	u50to0.d0to0	SF1_1199	-1.09514962803382	0.136725544766438	1.0	0.980605183579389	0.16339373856982695	1.0	1.03945640453205	1.09514962803382	False
u50to0.d0to0|PTBP1_s100	-0.542709337	0.542709337	0.02456159	0.02279811	-22.09585444	23.8050169	22.96634072	0.4919786	u50to0.d0to0	PTBP1_s100	-1.0272715159603	0.152146315482678	1.0	1.04215213849979	0.14867057445541598	1.0	1.0347385774395	1.04215213849979	False
u50to0.d0to0|RNASEL_563	0.52217803	-0.52217803	0.02264934	0.02620575	23.054892199999998	-19.9260857	21.54735422	0.6417111999999999	u50to0.d0to0	RNASEL_563	1.07039662434189	0.142220409048221	1.0	-0.983203064330326	0.16275375346764998	1.0	1.02772496299133	1.07039662434189	False
u25to0.d0to25|RBM14_M109_0.6	0.62632845	-0.62632845	0.03245747	0.03972771	19.2968948	-15.7655321	17.6199057	0.2780749	u25to0.d0to25	RBM14_M109_0.6	0.9926847181440892	0.16043181225623598	1.0	-1.05548768885296	0.14560116853882	1.0	1.02456752119052	1.05548768885296	False
u0to0.d0to50|SRP14_344	-0.28147294	0.28147294	0.02495724	0.02479612	-11.2782069	11.3514919	11.314909	0.7807487	u0to0.d0to50	SRP14_344	-0.8843752221945591	0.188246846974708	1.0	1.13008781489723	0.12921961182788902	1.0	1.01469650709236	1.13008781489723	False
u0to0.d0to50|PPIE_75	-0.19013839	0.19013839	0.01681795	0.01681471	-11.3056815	11.3078589	11.30677	0.4491979	u0to0.d0to50	PPIE_75	-0.885804929570034	0.18786132650260695	1.0	1.12702610682219	0.129865721590423	1.0	1.0136168454375	1.12702610682219	False
u50to0.d0to0|PCBP2_334	-0.6602503820000001	0.6602503820000001	0.02829845	0.03075315	-23.33168185	21.4693569	22.41986465	0.8181818000000001	u50to0.d0to0	PCBP2_334	-1.08468708442341	0.139030135065806	1.0	0.933978759559141	0.17515742482733998	1.0	1.01214188590893	1.08468708442341	False
u0to0.d0to50|RBMX_849	-0.34776529	0.34776529	0.02639928	0.03462508	-13.1732884	10.0437384	11.713501	0.171123	u0to0.d0to50	RBMX_849	-0.9829903793825212	0.162806086817742	1.0	1.0383233372976	0.149559773646526	1.0	1.01103546889697	1.0383233372976	False
u25to0.d0to25|RBM4_s102	0.61711371	-0.61711371	0.03073891	0.04205341	20.0759803	-14.6745237	17.583893600000003	0.3262032	u25to0.d0to25	RBM4_s102	1.03393644880611	0.15058293699695902	1.0	-0.979575825678994	0.163647771335035	1.0	1.00712297621107	1.03393644880611	False
u0to0.d0to50|SNRPA_M348_0.6	-0.76320966	0.76320966	0.06600352	0.07263756	-11.5631659	10.507093800000002	11.047756	0.6684492	u0to0.d0to50	SNRPA_M348_0.6	-0.899203754148	0.184272070534022	1.0	1.07083677826638	0.142121413399037	1.0	0.988751434173872	1.07083677826638	False
u25to0.d0to25|PTBP1_11	0.46939899999999996	-0.46939899999999996	0.02887631	0.02881216	16.2555032	-16.291698800000002	16.2736111	0.8502674000000001	u25to0.d0to25	PTBP1_11	0.8316463377340609	0.202804299282846	1.0	-1.09209812607516	0.13739498650863902	1.0	0.970647708502769	1.09209812607516	False
u25to0.d0to25|PUM1_545	-0.64206013	0.64206013	0.04022456	0.04441184	-15.9618918	14.4569587	15.2280275	0.33689840000000004	u25to0.d0to25	PUM1_545	-0.87422971973586	0.190996582064405	1.0	1.04737933433945	0.147462329550321	1.0	0.964697121606256	1.04737933433945	False
u50to0.d0to0|SF1_1203	-0.826472005	0.826472005	0.03943371	0.03778084	-20.95851286	21.8754243	21.42187491	0.27272729999999995	u50to0.d0to0	SF1_1203	-0.97443152161803	0.164921162337119	1.0	0.952785299353308	0.170349432078087	1.0	0.9636691903829352	0.97443152161803	False
u0to0.d0to50|SAMD4A_M061_0.6	1.2522406000000001	-1.2522406000000001	0.0777201	0.0566163	16.1121848	-22.1180215	19.34954	0.4973262	u0to0.d0to50	SAMD4A_M061_0.6	0.5409501703731701	0.29427096445516804	1.0	-1.2184529557181498	0.111525945885608	1.0	0.942670327348076	1.2184529557181498	False
u50to0.d0to0|RBMY1A1_M246_0.6	-1.106484913	1.106484913	0.04944848	0.05735102	-22.37651987	19.2932042	20.891821	0.7647059	u50to0.d0to0	RBMY1A1_M246_0.6	-1.04031101086145	0.14909771512350398	1.0	0.833192775875807	0.20236800810070896	1.0	0.942458805755245	1.04031101086145	False
u50to0.d0to0|SFPQ_M168_0.6	-0.886512724	0.886512724	0.0425415	0.04216021	-20.83877532	21.027239	20.93321926	0.8235294	u50to0.d0to0	SFPQ_M168_0.6	-0.9688686097827328	0.166305374513656	1.0	0.913502582746958	0.180489137927403	1.0	0.9415926273361768	0.9688686097827328	False
u25to0.d0to25|PCBP2_777	1.63749089	-1.63749089	0.09915693	0.10770662	16.514134900000002	-15.203252	15.8722324	0.1283422	u25to0.d0to25	PCBP2_777	0.845340605216976	0.198960348032077	1.0	-1.01636449785219	0.154727922580107	1.0	0.934772039409325	1.01636449785219	False
u0to0.d0to50|SRP54_408	-0.42801364	0.42801364	0.04182534	0.04325091	-10.233356	9.8960613	10.066121	0.8074865999999999	u0to0.d0to50	SRP54_408	-0.830003874185788	0.203268296618884	1.0	1.02796090130723	0.151984109937105	1.0	0.9342403453554632	1.02796090130723	False
u0to0.d0to50|PUM1_545	-0.50768532	0.50768532	0.0454649	0.05492977	-11.1665323	9.2424435	10.249737	0.315508	u0to0.d0to50	PUM1_545	-0.878563963822345	0.189818870982472	1.0	0.982096832912976	0.163026072802427	1.0	0.9317695068376428	0.982096832912976	False
u0to0.d0to50|RBFOX1_621	-0.39306669	0.39306669	0.03715349	0.04157235	-10.5795348	9.4550022	10.033036	0.21390370000000006	u0to0.d0to50	RBFOX1_621	-0.8480181267533641	0.198213937877944	1.0	0.99701198172715	0.159379347064154	1.0	0.9255181346169792	0.99701198172715	False
u50to0.d0to0|PUM1_569	13.795868445999998	-13.795868445999998	0.64034901	0.83261103	21.54429589	-16.569404000000002	19.21850454	0.2780749	u50to0.d0to0	PUM1_569	1.0002155091189202	0.158603112652877	1.0	-0.8277422517474841	0.20390824265267604	1.0	0.918038207268634	1.0002155091189202	False
u50to0.d0to0|RBM24_M175_0.6	0.427833711	-0.427833711	0.0219189	0.02304395	19.51894421	-18.5659854	19.04842509	0.3957219	u50to0.d0to0	RBM24_M175_0.6	0.90611926468872	0.182436364823892	1.0	-0.920211599327205	0.17873109699037898	1.0	0.913192616422286	0.920211599327205	False
u50to0.d0to0|SNRNP70_M068_0.6	1.6560571030000002	-1.6560571030000002	0.08166848	0.09340397	20.27779965	-17.730051	19.04657274	0.5240642	u50to0.d0to0	SNRNP70_M068_0.6	0.9413750909605452	0.173256336921824	1.0	-0.881496268919216	0.18902463629136	1.0	0.911927281640228	0.9413750909605452	False
u0to0.d0to50|RBMS3_M055_0.6	-0.20513416	0.20513416	0.02077901	0.02243446	-9.8721793	9.1437079	9.514918	0.4278075	u0to0.d0to50	RBMS3_M055_0.6	-0.8112091695553391	0.20862278034386605	1.0	0.9751686000659712	0.16473831744395	1.0	0.8969431741546642	0.9751686000659712	False
u0to0.d0to50|PTBP1_1000	0.83120066	-0.83120066	0.05200239	0.04026524	15.983894	-20.6431328	18.461092	0.27272729999999995	u0to0.d0to50	PTBP1_1000	0.534274247776823	0.296575903230145	1.0	-1.11496067596275	0.132433636734091	1.0	0.8742386060969859	1.11496067596275	False
u0to0.d0to50|PTBP1_s12	0.54213305	-0.54213305	0.02758371	0.02864055	19.6541031	-18.9288609	19.29489	0.4171123	u0to0.d0to50	PTBP1_s12	0.725262470346241	0.23414551241641	1.0	-0.9946709842377908	0.159948155511933	1.0	0.870452760859918	0.9946709842377908	False
u50to0.d0to0|RBM6_M161_0.6	0.593308264	-0.593308264	0.03433051	0.03168151	17.28224532	-18.727269600000003	18.01924846	0.6524064	u50to0.d0to0	RBM6_M161_0.6	0.8022039952821751	0.211217482835094	1.0	-0.9276812896433208	0.17678645838704998	1.0	0.867215032503755	0.9276812896433208	False
u0to0.d0to50|PTBP1_992	0.41321828	-0.41321828	0.02066464	0.02236326	19.996398000000006	-18.4775538	19.25196	0.1497326	u0to0.d0to50	PTBP1_992	0.7430746147675429	0.228718253821596	1.0	-0.9630029670858532	0.167773017135492	1.0	0.860097261281562	0.9630029670858532	False
u25to0.d0to25|RBMS3_M164_0.6	-0.54810086	0.54810086	0.04439548	0.03996148	-12.3458699	13.7157294	13.048788	0.5187166	u25to0.d0to25	RBMS3_M164_0.6	-0.682765289340513	0.247377583175504	1.0	0.995804940226509	0.159672464742104	1.0	0.853755210615946	0.995804940226509	False
u25to0.d0to25|RBMX_844	-0.95559095	0.95559095	0.07290548	0.07223751	-13.107259	13.2284596	13.1679987	0.171123	u25to0.d0to25	RBMX_844	-0.7230800148516411	0.234815363399051	1.0	0.961900931433907	0.16804968532793998	1.0	0.850910720866551	0.961900931433907	False
u25to0.d0to25|SFPQ_s69	0.64523971	-0.64523971	0.07037759	0.03902855	9.168255	-16.5325059	13.3675101	0.2620321	u25to0.d0to25	SFPQ_s69	0.456384246626856	0.324056845961489	1.0	-1.10885337344678	0.133746720521827	1.0	0.8478922055230451	1.10885337344678	False
u25to0.d0to25|PUM1_419	2.48629665	-2.48629665	0.11202181	0.45549811	22.1947548	-5.4584127	16.1617049	0.315508	u25to0.d0to25	PUM1_419	1.14612325629715	0.12587207806237302	1.0	-0.3383230569303369	0.36755987509478494	1.0	0.8450032572351039	1.14612325629715	False
u0to0.d0to50|PTBP1_997	-0.31100703	0.31100703	0.03790978	0.03588817	-8.2038737	8.6660054	8.438104	0.368984	u0to0.d0to50	PTBP1_997	-0.724394845748391	0.2344116816413	1.0	0.9416484295135392	0.17318633305948294	1.0	0.8400742994974159	0.9416484295135392	False
u50to0.d0to0|RBMS3_M055_0.6	0.596386775	-0.596386775	0.03368092	0.03527617	17.70695967	-16.9062205	17.31122053	0.4973262	u50to0.d0to0	RBMS3_M055_0.6	0.8219358895923091	0.20555669274950894	1.0	-0.8433415165753969	0.19951873498268	1.0	0.832707487710898	0.8433415165753969	False
u25to0.d0to25|RBMX_842	-0.91220551	0.91220551	0.06923653	0.0734495	-13.1752048	12.419491699999998	12.8029254	0.1818182	u25to0.d0to25	RBMX_842	-0.726677671130978	0.23371171751158695	1.0	0.905613316657589	0.182570278924657	1.0	0.821034687765353	0.905613316657589	False
u25to0.d0to25|SRSF1_1223	1.02189023	-1.02189023	0.07292175	0.07649946	14.0135179	-13.3581364	13.6897497	0.2245989	u25to0.d0to25	SRSF1_1223	0.7129356522652471	0.237942788160395	1.0	-0.8879822022004391	0.18727516250396606	1.0	0.8052296677643008	0.8879822022004391	False
u50to0.d0to0|SRP54_408	0.537547346	-0.537547346	0.03180777	0.03299056	16.89987285	-16.2939726	16.59968741	0.8770053	u50to0.d0to0	SRP54_408	0.784439271379756	0.216391201325599	1.0	-0.8149859664986229	0.207540171506185	1.0	0.799858455000789	0.8149859664986229	False
u50to0.d0to0|PTBP1_11	-0.5065283970000001	0.5065283970000001	0.02723298	0.02978506	-18.59981738	17.006124300000003	17.82079502	0.9144385	u50to0.d0to0	PTBP1_11	-0.864848386691808	0.19356100469589105	1.0	0.727269327818196	0.233530491892034	1.0	0.799025471167395	0.864848386691808	False
u25to0.d0to25|RBM24_M175_0.6	0.33342665	-0.33342665	0.02382877	0.02540836	13.9926074	-13.1227166	13.564637	0.5187166	u25to0.d0to25	RBM24_M175_0.6	0.71182846401183	0.238285502173656	1.0	-0.871601800687452	0.19171282400212306	1.0	0.7957353395253509	0.871601800687452	False
u25to0.d0to25|SF1_1185	-1.2001069	1.2001069	0.07367231	0.13150384	-16.289796300000006	9.1260214	13.203062699999998	0.3101604	u25to0.d0to25	SF1_1185	-0.8915919067061802	0.186305854861302	1.0	0.676455166471847	0.249375850947934	1.0	0.791368346710435	0.8915919067061802	False
u25to0.d0to25|SF1_1201	0.81936658	-0.81936658	0.06460975	0.06028179	12.6817784	-13.5922736	13.1449116	0.3048128	u25to0.d0to25	SF1_1201	0.642421492823214	0.260299774140764	1.0	-0.9042733609947572	0.182925234284612	1.0	0.784351861681338	0.9042733609947572	False
u50to0.d0to0|SF1_1206	-0.7245688109999999	0.7245688109999999	0.0436526	0.039262	-16.59852691	18.4547079	17.55117291	0.2192513	u50to0.d0to0	SF1_1206	-0.7718700071340648	0.220095711476694	1.0	0.7943587940461608	0.213493292717603	1.0	0.783195123066919	0.7943587940461608	False
u50to0.d0to0|RC3H1_531	-0.6854290940000001	0.6854290940000001	0.04086223	0.03805293	-16.77414905	18.012516899999994	17.40435064	0.8502674000000001	u50to0.d0to0	RC3H1_531	-0.7800292734856721	0.217686822350019	1.0	0.773879231692417	0.21950110610470605	1.0	0.7769603377069609	0.7800292734856721	False
u0to0.d0to50|SRP14_342	-0.227163	0.227163	0.02766052	0.03258073	-8.2125352	6.972312599999999	7.617706	0.5989305	u0to0.d0to50	SRP14_342	-0.724845567885662	0.23427338854948104	1.0	0.8228027640220981	0.205310082307163	1.0	0.7753726477526439	0.8228027640220981	False
u25to0.d0to25|SNRPA_M319_0.6	-1.07421978	1.07421978	0.06916908	0.1172695	-15.5303475	9.160266	12.7495523	0.3636364	u25to0.d0to25	SNRPA_M319_0.6	-0.8513799179717009	0.19727917178204105	1.0	0.6788378900050911	0.248620291561304	1.0	0.769957351296831	0.8513799179717009	False
u25to0.d0to25|SNRNP70_M068_0.6	1.19014217	-1.19014217	0.10951092	0.0844593	10.8677942	-14.091309400000002	12.5832021	0.540107	u25to0.d0to25	SNRNP70_M068_0.6	0.546373000528641	0.292404782717399	1.0	-0.938996042661102	0.17386638806926702	1.0	0.768191715602258	0.938996042661102	False
u0to0.d0to50|RBM24_M175_0.6	-0.12408499999999999	0.12408499999999999	0.017355000000000002	0.01788413	-7.1498125	6.9382732	7.0448369999999985	0.5935829	u0to0.d0to50	RBM24_M175_0.6	-0.6695442174647359	0.251574192095193	1.0	0.820414234563904	0.205990001728144	1.0	0.7487886802748629	0.820414234563904	False
u0to0.d0to50|SF1_1206	-0.30405893	0.30405893	0.04172955	0.04491181	-7.286417	6.7701323	7.033014	0.3636364	u0to0.d0to50	SF1_1206	-0.676652763582717	0.24931314671249494	1.0	0.8086158628894009	0.209368068755978	1.0	0.745559714637432	0.8086158628894009	False
u0to0.d0to50|RBM41_M051_0.6	-0.41016686	0.41016686	0.06194337	0.05840989	-6.6216425	7.022215400000001	6.824868	0.5187166	u0to0.d0to50	RBM41_M051_0.6	-0.642059611883411	0.260417239122596	1.0	0.826304421156075	0.204315713081571	1.0	0.739939031824228	0.826304421156075	False
u50to0.d0to0|RBMX_848	-1.516315039	1.516315039	0.08387267	0.10499518	-18.07877447	14.4417592	16.36163953	0.2566845	u50to0.d0to0	RBMX_848	-0.8406411433265559	0.200274501101185	1.0	0.608503737918778	0.271426713798165	1.0	0.733810033630811	0.8406411433265559	False
u0to0.d0to50|RBM8A_M054_0.6	0.51623913	-0.51623913	0.03111675	0.03011939	16.5903915	-17.139759100000006	16.867312	0.4224599	u0to0.d0to50	RBM8A_M054_0.6	0.565834814589704	0.28575303869023105	1.0	-0.8691305119319891	0.19238787472899305	1.0	0.733333786270933	0.8691305119319891	False
u0to0.d0to50|RBMX_848	-0.39036322	0.39036322	0.05638266	0.06527876	-6.9234622	5.9799425	6.468927	0.171123	u0to0.d0to50	RBMX_848	-0.6577655312108499	0.255344403157418	1.0	0.753168598399909	0.22567430327163895	1.0	0.707077941836957	0.753168598399909	False
u50to0.d0to0|RBM25_1143	4.490065486000001	-4.490065486000001	0.30331753	0.31339981	14.803184900000002	-14.3269568	14.56701708	0.1176471	u50to0.d0to0	RBM25_1143	0.687028800010627	0.246032289943514	1.0	-0.723885915328657	0.234567888808884	1.0	0.7056980198552529	0.723885915328657	False
u50to0.d0to0|SRP68_347	-2.246505144	2.246505144	0.15008048	0.13448051	-14.96867002	16.7050615	15.86064567	0.5080214	u50to0.d0to0	SRP68_347	-0.6961481392618699	0.24316803086807695	1.0	0.7133259540611709	0.237822040373058	1.0	0.7047893829134501	0.7133259540611709	False
u50to0.d0to0|SFPQ_s69	1.071742515	-1.071742515	0.07211336	0.07677558	14.86191408	-13.9594199	14.41773028	0.2192513	u50to0.d0to0	SFPQ_s69	0.68975731147411	0.24517340901841506	1.0	-0.706863870870829	0.239825538974296	1.0	0.698362971768437	0.706863870870829	False
u0to0.d0to50|RBM14_M109_0.6	0.67164056	-0.67164056	0.038604	0.04254312	17.398212899999994	-15.7872915	16.612289999999998	0.2887701	u0to0.d0to50	RBM14_M109_0.6	0.607871758299407	0.271636265906093	1.0	-0.7742284659543399	0.219397848723398	1.0	0.6960379989742019	0.7742284659543399	False
u0to0.d0to50|SNRPA_M069_0.6	-0.24841097	0.24841097	0.03915941	0.04138442	-6.3435826	6.0025235	6.175408	0.4652406	u0to0.d0to50	SNRPA_M069_0.6	-0.6275900913133621	0.265136250718979	1.0	0.7547530970601509	0.225198570508172	1.0	0.6940898933987599	0.7547530970601509	False
u25to0.d0to25|RBM6_M161_0.6	0.5950146	-0.5950146	0.05413461	0.04903323	10.9913888	-12.1349256	11.5772848	0.5989305	u25to0.d0to25	RBM6_M161_0.6	0.5529172002993721	0.29016005443979304	1.0	-0.8028717567790179	0.211024430946019	1.0	0.6893186810976191	0.8028717567790179	False
u25to0.d0to25|RBMX_849	-0.32934008	0.32934008	0.02710058	0.03523933	-12.1525123	9.3458093	10.8403807	0.1657754	u25to0.d0to25	RBMX_849	-0.672527214525034	0.250624060405285	1.0	0.6917479075654	0.24454782777131695	1.0	0.682205255732434	0.6917479075654	False
u50to0.d0to0|RBMS1_M143_0.6	0.54871922	-0.54871922	0.03958027	0.03912776	13.86345325	-14.023784400000002	13.94384928	0.4224599	u50to0.d0to0	RBMS1_M143_0.6	0.643369607431688	0.259992149761585	1.0	-0.709844837898918	0.23890018034514696	1.0	0.677423112116255	0.709844837898918	False
u25to0.d0to25|SRP14_342	-0.35579357	0.35579357	0.02986443	0.03932447	-11.9136242	9.0476371	10.578142	0.5614973000000001	u25to0.d0to25	SRP14_342	-0.659878349208503	0.254665949573957	1.0	0.671001222893972	0.251109875242725	1.0	0.665463025599223	0.671001222893972	False
u50to0.d0to0|PUM1_545	0.524631971	-0.524631971	0.0437616	0.0354203	11.98841011	-14.8116203	13.47416179	0.2834225	u50to0.d0to0	PUM1_545	0.556256579427282	0.289017732779341	1.0	-0.746332542168266	0.22773327901336696	1.0	0.6581920865733221	0.746332542168266	False
u25to0.d0to25|SRSF1_126	-0.29424943	0.29424943	0.02719557	0.03113273	-10.8197565	9.4514505	10.1586674	0.33689840000000004	u25to0.d0to25	SRSF1_126	-0.601959243102324	0.273600633750469	1.0	0.6990983737212371	0.24224527739977494	1.0	0.6523394310081221	0.6990983737212371	False
u0to0.d0to50|PCBP1_M177_0.6	-0.2573174	0.2573174	0.04509252	0.05014566	-5.7064323	5.1313997	5.426538	0.5080214	u0to0.d0to50	PCBP1_M177_0.6	-0.5944344317879761	0.27611079240320696	1.0	0.6936267300256851	0.24395816309025695	1.0	0.64593743284517	0.6936267300256851	False
u25to0.d0to25|SRSF1_325	0.27018729	-0.27018729	0.02423577	0.0246847	11.1482876	-10.945536	11.0473769	0.5561497	u25to0.d0to25	SRSF1_325	0.5612248212713901	0.287322142041339	1.0	-0.720114574913385	0.235727227202649	1.0	0.64557660312847	0.720114574913385	False
u0to0.d0to50|PABPN1_M148_0.6	0.33238289	-0.33238289	0.02123649	0.02203037	15.6515005	-15.0874829	15.372079	0.4705882000000001	u0to0.d0to50	PABPN1_M148_0.6	0.5169773466932771	0.3025859862554289	1.0	-0.7251232098042092	0.23418822338319	1.0	0.6297099516407451	0.7251232098042092	False
u50to0.d0to0|SRSF1_126	-0.371789838	0.371789838	0.02437105	0.02889967	-15.25538732	12.8648485	14.11083218	0.4652406	u50to0.d0to0	SRSF1_126	-0.7094687992783899	0.2390168033925	1.0	0.535470951166141	0.29616211970325795	1.0	0.628520133604442	0.7094687992783899	False
u50to0.d0to0|RBM4_s102	0.53786631	-0.53786631	0.0366926	0.04935809	14.65871188	-10.8972264	12.91563736	0.3582888	u50to0.d0to0	RBM4_s102	0.680316697249545	0.248151977147518	1.0	-0.565041937085479	0.28602261996173306	1.0	0.62534118656212	0.680316697249545	False
u25to0.d0to25|QKI_M046_0.6	-1.37458844	1.37458844	0.13366353	0.15647006	-10.2839453	8.7849933	9.563881	0.3315508	u25to0.d0to25	QKI_M046_0.6	-0.573588622280739	0.28312310642439	1.0	0.652726587969906	0.256966279231223	1.0	0.6144330338827622	0.652726587969906	False
u25to0.d0to25|RBMX_526	1.4208167	-1.4208167	0.12767499	0.14081376	11.1283866	-10.0900415	10.6219096	0.4973262	u25to0.d0to25	RBMX_526	0.560171084946038	0.287681373843959	1.0	-0.6605896606871731	0.254437750722706	1.0	0.612441974482651	0.6605896606871731	False
u50to0.d0to0|RBMX_847	0.250533824	-0.250533824	0.01978343	0.02042605	12.66381875	-12.265405	12.46620359	0.4705882000000001	u50to0.d0to0	RBMX_847	0.5876355330713771	0.278388477648488	1.0	-0.6284075391663829	0.264868499755875	1.0	0.6083631953895761	0.6284075391663829	False
u0to0.d0to50|SF1_1201	-0.39681687	0.39681687	0.08448404	0.09239683	-4.6969447	4.294702	4.5003199999999985	0.3796791	u0to0.d0to50	SF1_1201	-0.54190329877164	0.29394256207971003	1.0	0.6349160270152819	0.26274159182394696	1.0	0.590244672394616	0.6349160270152819	False
u50to0.d0to0|SNRPA_M348_0.6	-0.330028641	0.330028641	0.02472372	0.02472423	-13.34866607	13.3483876	13.34852684	0.7540107	u50to0.d0to0	SNRPA_M348_0.6	-0.620884031224548	0.26733796434325696	1.0	0.557865502726265	0.288468114848008	1.0	0.590216443079009	0.620884031224548	False
u50to0.d0to0|RBM46_M052_0.6	0.324749912	-0.324749912	0.02813094	0.02641346	11.544223800000001	-12.2948665	11.92545272	0.6042781	u50to0.d0to0	RBM46_M052_0.6	0.5356200331864289	0.296110590247262	1.0	-0.629772014305599	0.264421879110332	1.0	0.5845945646142989	0.629772014305599	False
u50to0.d0to0|RBM5_1152	-0.8580360140000001	0.8580360140000001	0.06818194	0.06559858	-12.58450627	13.0800999	12.83469537	0.1764706	u50to0.d0to0	RBM5_1152	-0.585381768563412	0.279145522379068	1.0	0.545440069642163	0.292725444070105	1.0	0.565763503832509	0.585381768563412	False
u0to0.d0to50|SNRNP70_M068_0.6	1.23695993	-1.23695993	0.08322146	0.08910662	14.8634727	-13.8817965	14.381013	0.4385027	u0to0.d0to50	SNRNP70_M068_0.6	0.475970410914799	0.31704772904128703	1.0	-0.6405207349150309	0.260917056633456	1.0	0.5642759271502261	0.6405207349150309	False
u50to0.d0to0|SF1_1205	1.192110576	-1.192110576	0.10934407	0.10029181	10.90237972	-11.8864196	11.40501763	0.2406417	u50to0.d0to0	SF1_1205	0.505800462573508	0.306498366882073	1.0	-0.6108552707338321	0.270647699477366	1.0	0.5607933085027309	0.6108552707338321	False
u0to0.d0to50|RBM28_M047_0.6	0.65391088	-0.65391088	0.04647298	0.04626502	14.0707759	-14.134022	14.102434	0.4759358	u0to0.d0to50	RBM28_M047_0.6	0.4347205124094339	0.331882653733745	1.0	-0.6582192853259511	0.255198617140088	1.0	0.557778877102982	0.6582192853259511	False
u25to0.d0to25|PUM1_569	0.67596757	-0.67596757	0.04788837	0.13173933	14.1154845	-5.131099099999999	10.6201478	0.342246	u25to0.d0to25	PUM1_569	0.718334672937205	0.236275478056908	1.0	-0.31554872703684	0.376172530210687	1.0	0.5547863108794101	0.718334672937205	False
u0to0.d0to50|PCBP2_M043_0.6	0.40162291	-0.40162291	0.02779322	0.02921626	14.4503935	-13.7465529	14.102865	0.6042781	u0to0.d0to50	PCBP2_M043_0.6	0.454474833949334	0.324743550612357	1.0	-0.631030752053052	0.264010208646126	1.0	0.549885071960458	0.631030752053052	False
u50to0.d0to0|RBMS3_M164_0.6	0.301752297	-0.301752297	0.02724056	0.02839115	11.07731492	-10.6283925	10.85517465	0.4598930000000001	u50to0.d0to0	RBMS3_M164_0.6	0.513927814233564	0.303651230156339	1.0	-0.552591207383042	0.290271682059849	1.0	0.533609801596605	0.552591207383042	False
u25to0.d0to25|SRP14_344	0.18039885	-0.18039885	0.01832662	0.02050274	9.8435433	-8.798767300000002	9.335782	0.7860963000000001	u25to0.d0to25	SRP14_344	0.4921400283360721	0.311310178346329	1.0	-0.5707433951676171	0.28408679909887896	1.0	0.532892967967344	0.5707433951676171	False
u50to0.d0to0|SF1_1198	-0.562736138	0.562736138	0.05098478	0.04328091	-11.03733564	13.0019484	12.05971475	0.2887701	u50to0.d0to0	SF1_1198	-0.513501439229344	0.303800302147736	1.0	0.54182057372911	0.293971058448137	1.0	0.527850955387385	0.54182057372911	False
u25to0.d0to25|PABPN1_M148_0.6	0.23379169	-0.23379169	0.02478081	0.02639904	9.4343845	-8.856066199999997	9.1497956	0.5294118	u25to0.d0to25	PABPN1_M148_0.6	0.470475514472579	0.319007661957234	1.0	-0.574730226301839	0.282736880885436	1.0	0.5251961741783729	0.574730226301839	False
u25to0.d0to25|PPIE_75	0.14367615	-0.14367615	0.01562794	0.01608571	9.1935431	-8.9319133	9.0636722	0.368984	u25to0.d0to25	PPIE_75	0.457723224043525	0.323575650366933	1.0	-0.580007632669509	0.280954735321185	1.0	0.5224554544569739	0.580007632669509	False
u0to0.d0to50|RBM5_1152	1.4315405	-1.4315405	0.10327223	0.10731359	13.861814	-13.3397881	13.603305	0.1764706	u0to0.d0to50	RBM5_1152	0.42384667367754	0.335838818388424	1.0	-0.602488248150046	0.273424591731042	1.0	0.520882948437759	0.602488248150046	False
u25to0.d0to25|SRSF1_1224	-0.3316407	0.3316407	0.03958576	0.0441027	-8.3777786	7.5197364	7.960327	0.2887701	u25to0.d0to25	SRSF1_1224	-0.472659166777696	0.31822818154686405	1.0	0.564690594229885	0.28614211645878	1.0	0.520712087026356	0.564690594229885	False
u25to0.d0to25|RBMY1A1_M246_0.6	-0.6524698	0.6524698	0.06857413	0.10143414	-9.51481	6.4324479000000006	8.121206599999999	0.6470588	u25to0.d0to25	RBMY1A1_M246_0.6	-0.532863743896718	0.297063952201595	1.0	0.489037559988699	0.312407552853904	1.0	0.511420328418478	0.532863743896718	False
u0to0.d0to50|RBM5_M053_0.6	-0.11860701	0.11860701	0.0370004	0.03882313	-3.2055603	3.0550609	3.131215	0.631016	u0to0.d0to50	RBM5_M053_0.6	-0.4642954982450271	0.321218024424845	1.0	0.54793096602899	0.291869652650969	1.0	0.5078378940292171	0.54793096602899	False
u25to0.d0to25|RBM8A_M054_0.6	0.25180869	-0.25180869	0.02972161	0.0302089	8.4722421	-8.3355787	8.4041882	0.4278075	u25to0.d0to25	RBM8A_M054_0.6	0.419531119867222	0.337414008117039	1.0	-0.5385149452061511	0.2951107950318	1.0	0.4827031731548021	0.5385149452061511	False
u25to0.d0to25|PPIE_45	-0.25607445	0.25607445	0.0361625	0.0350402	-7.0812152	7.3080193	7.1955109	0.197861	u25to0.d0to25	PPIE_45	-0.404007543607921	0.34310358597039403	1.0	0.549959415691949	0.29117360508273604	1.0	0.482533653852421	0.549959415691949	False
u0to0.d0to50|SRSF1_325	-0.11419071	0.11419071	0.04034387	0.04559998	-2.8304349	2.5041832000000004	2.672293	0.5026738000000001	u0to0.d0to50	SRSF1_325	-0.444774939215668	0.328241203370362	1.0	0.509276124453886	0.3052793454116681	1.0	0.478114482887243	0.509276124453886	False
u50to0.d0to0|SRP14_344	0.194061855	-0.194061855	0.01929792	0.022166400000000003	10.056103199999999	-8.754774000000001	9.4279181	0.8609626	u50to0.d0to0	SRP14_344	0.466483121754229	0.32043486304159	1.0	-0.465816743638015	0.320673339553742	1.0	0.4661500517725461	0.466483121754229	False
u0to0.d0to50|RBM14_M050_0.6	0.49226365	-0.49226365	0.03665989	0.04058632	13.4278538	-12.1288064	12.794827	0.2994652	u0to0.d0to50	RBM14_M050_0.6	0.4012645032873379	0.34411269746130896	1.0	-0.517514204430632	0.30239862792287603	1.0	0.463051915764261	0.517514204430632	False
u25to0.d0to25|SRP54_408	-0.19356294	0.19356294	0.02735808	0.02912943	-7.075164999999998	6.644926400000001	6.8634178	0.9679144	u25to0.d0to25	SRP54_408	-0.403687192092136	0.343221379576792	1.0	0.503821716388786	0.30719333287287104	1.0	0.456508308228983	0.503821716388786	False
u50to0.d0to0|SNRPA_518	-2.163896142	2.163896142	0.16774996	0.338248	-12.89953307	6.3973656	10.18145963	0.2941176	u50to0.d0to0	SNRPA_518	-0.600017665660979	0.274247231148407	1.0	0.23593699565298104	0.406740780061086	1.0	0.455898818282635	0.600017665660979	False
u25to0.d0to25|RBMX_845	1.02103762	-1.02103762	0.12538212	0.13060982	8.1434071	-7.817464299999998	7.9820996	0.171123	u25to0.d0to25	RBMX_845	0.4021196639329939	0.34379798087206104	1.0	-0.5024647833180671	0.30767030935295603	1.0	0.4550665240360229	0.5024647833180671	False
u25to0.d0to25|RBMY1A1_410	0.54001794	-0.54001794	0.06726827	0.06873984	8.0278261	-7.8559672	7.9423615	0.3048128	u25to0.d0to25	RBMY1A1_410	0.395999775574595	0.34605259689204304	1.0	-0.505143797408702	0.306728920779238	1.0	0.453864560367745	0.505143797408702	False
u25to0.d0to25|RBM28_M047_0.6	-0.42691133	0.42691133	0.06957609	0.06284164	-6.135891	6.7934463	6.4730237	0.5882353	u25to0.d0to25	RBM28_M047_0.6	-0.35395365441772103	0.3616868080237999	1.0	0.514155662788658	0.30357158165768	1.0	0.441383753129464	0.514155662788658	False
u50to0.d0to0|PTBP1_1340	-0.323001733	0.323001733	0.03274778	0.03121118	-9.86331577	10.3489108	10.10902945	0.3101604	u50to0.d0to0	PTBP1_1340	-0.458957400411634	0.323132378793889	1.0	0.418948220026692	0.337626987608354	1.0	0.43940841278709	0.458957400411634	False
u0to0.d0to50|PIWIL1_508	-0.13831422	0.13831422	0.06538533	0.07283373	-2.1153709	1.8990407	2.010118	0.8877004999999999	u0to0.d0to50	PIWIL1_508	-0.407564851544266	0.341796586710442	1.0	0.466813546157719	0.320316641654458	1.0	0.4381917360532061	0.466813546157719	False
u25to0.d0to25|PCBP2_370	0.96532615	-0.96532615	0.1163856	0.13414917	8.2942061	-7.195916099999999	7.7645046	0.1550802	u25to0.d0to25	PCBP2_370	0.410104307123122	0.340864716650426	1.0	-0.4592177451518879	0.32303890440888106	1.0	0.4353541547885589	0.4592177451518879	False
u25to0.d0to25|RBM5_M053_0.6	0.29879911	-0.29879911	0.03940698	0.03919439	7.5823908	-7.6235177	7.602982099999998	0.802139	u25to0.d0to25	RBM5_M053_0.6	0.3724144604545511	0.35479214455448405	1.0	-0.488970068004917	0.312431443999989	1.0	0.434617221104035	0.488970068004917	False
u25to0.d0to25|SAMD4A_M061_0.6	-0.37471922	0.37471922	0.05612230000000001	0.05936785	-6.6768326	6.3118207	6.4968906	0.5454545	u25to0.d0to25	SAMD4A_M061_0.6	-0.382595924344556	0.35100969632660906	1.0	0.48064437483865	0.31538463574245	1.0	0.434395359315165	0.48064437483865	False
u50to0.d0to0|RBMX_1377	-0.765073674	0.765073674	0.08816615	0.06909868	-8.67763511	11.072189	9.94722875	0.3636364	u50to0.d0to0	RBMX_1377	-0.40387161047142894	0.34315356687359994	1.0	0.452446009434444	0.325473853966284	1.0	0.42884709932442	0.452446009434444	False
u50to0.d0to0|RBM5_M053_0.6	0.333627042	-0.333627042	0.0427229	0.03805802	7.80909166	-8.7662735	8.30148975	0.6737968000000001	u50to0.d0to0	RBM5_M053_0.6	0.362088734748154	0.358642860836209	1.0	-0.466349329618478	0.320482737244034	1.0	0.417486496228994	0.466349329618478	False
u50to0.d0to0|PTBP1_489	0.34517818	-0.34517818	0.04202437	0.04094851	8.21376263	-8.429566699999999	8.3223642	0.8502674000000001	u50to0.d0to0	PTBP1_489	0.380889429404268	0.351642648225943	1.0	-0.450755145418598	0.32608301628199	1.0	0.41728704661974	0.450755145418598	False
u50to0.d0to0|SRP19_540	-0.396162788	0.396162788	0.04179054	0.04198466	-9.47972446	9.4358931	9.45783416	0.8930481	u50to0.d0to0	SRP19_540	-0.441136050162447	0.32955725316240697	1.0	0.376662866147438	0.35321208111695296	1.0	0.410168215179655	0.441136050162447	False
u0to0.d0to50|RBM5_M145_0.6	-0.06713848	0.06713848	0.04343665	0.04636475	-1.5456642	1.4480501	1.497653	0.6524064	u0to0.d0to50	RBM5_M145_0.6	-0.377918783144814	0.3527454642595039	1.0	0.435167737669081	0.331720339256943	1.0	0.4075497310523479	0.435167737669081	False
u0to0.d0to50|RBMS1_M143_0.6	-0.03274149	0.03274149	0.02534892	0.02628337	-1.2916323	1.2457114	1.26888	0.486631	u0to0.d0to50	RBMS1_M143_0.6	-0.3646996177689421	0.35766782198086	1.0	0.42096972167930297	0.33688859589214804	1.0	0.393840905551698	0.42096972167930297	False
u25to0.d0to25|RBM14_M050_0.6	0.25025826	-0.25025826	0.03309536	0.03858346	7.5617333	-6.4861538	7.0445014000000015	0.2834225	u25to0.d0to25	RBM14_M050_0.6	0.371320668276221	0.3551993527864671	1.0	-0.409832810440445	0.34096429793842503	1.0	0.39105112913953705	0.409832810440445	False
u25to0.d0to25|RBFOX1_621	0.20158483	-0.20158483	0.028959699999999998	0.02952158	6.9608746	-6.8283897	6.8949504	0.22994650000000005	u25to0.d0to25	RBFOX1_621	0.339505853010973	0.367114344292414	1.0	-0.43364542711142295	0.332272970756003	1.0	0.389430725985609	0.43364542711142295	False
u25to0.d0to25|SART3_M062_0.6	-0.20151901	0.20151901	0.03326247	0.03657952	-6.0584508	5.5090669000000005	5.7902782	0.4385027	u25to0.d0to25	SART3_M062_0.6	-0.349853279975104	0.363224405510849	1.0	0.424789134285069	0.335495199652353	1.0	0.3891292369611911	0.424789134285069	False
u50to0.d0to0|SNRPA_M069_0.6	1.129345043	-1.129345043	0.12644339	0.17858938	8.931626	-6.323696400000001	7.73831632	0.5026738000000001	u50to0.d0to0	SNRPA_M069_0.6	0.414240796378229	0.339348883547365	1.0	-0.353224209425449	0.361960179842399	1.0	0.38494335915060496	0.414240796378229	False
u50to0.d0to0|SRSF1_167	-0.253335025	0.253335025	0.02838636	0.02944173	-8.92453303	8.604624000000001	8.76603798	0.3582888	u50to0.d0to0	SRSF1_167	-0.4153422934441901	0.33894567217782	1.0	0.338163603688025	0.36761995094404704	1.0	0.378724070784226	0.4153422934441901	False
u25to0.d0to25|SRSF1_167	-0.23880578	0.23880578	0.04636669	0.04191913	-5.1503734	5.6968207	5.4304748	0.3743316	u25to0.d0to25	SRSF1_167	-0.301771568372117	0.381413103086387	1.0	0.43785295741969504	0.33074643945145	1.0	0.376019475425769	0.43785295741969504	False
u50to0.d0to0|PTBP1_s12	-0.24677037	0.24677037	0.02802547	0.02925324	-8.80521873	8.4356586	8.62241885	0.4652406	u50to0.d0to0	PTBP1_s12	-0.409799045006062	0.340976683415062	1.0	0.330338167519208	0.37057222827268	1.0	0.3721952190771861	0.409799045006062	False
u50to0.d0to0|RBMX_844	0.163188881	-0.163188881	0.022397900000000002	0.02373164	7.28590174	-6.8764264000000015	7.08412324	0.1818182	u50to0.d0to0	RBMX_844	0.33778174298871005	0.3677638345352279	1.0	-0.378823257121545	0.352409557823576	1.0	0.3588896529803189	0.378823257121545	False
u50to0.d0to0|RBMX_845	0.648379275	-0.648379275	0.08930593	0.09720342	7.26020365	-6.670333599999998	6.97151017	0.2032086	u50to0.d0to0	RBMX_845	0.336587829960218	0.368213815857068	1.0	-0.36927830856253496	0.3559601460083611	1.0	0.353311361586445	0.36927830856253496	False
u0to0.d0to50|PTBP1_M227_0.6	-0.01503986	0.01503986	0.02497829	0.02692446	-0.6021174	0.5585949	0.5807640000000001	0.6363635999999999	u0to0.d0to50	PTBP1_M227_0.6	-0.328819039415482	0.371146235614258	1.0	0.372755064503781	0.354665374808564	1.0	0.35147425140068106	0.372755064503781	False
u0to0.d0to50|PUM1_569	0.72037351	-0.72037351	0.04751363	0.13833292	15.1614067	-5.207535	11.33549	0.315508	u0to0.d0to50	PUM1_569	0.491474128428604	0.311545573056232	1.0	-0.0318516890205881	0.487295162823745	1.0	0.348253750165106	0.491474128428604	False
u25to0.d0to25|PTBP1_s12	0.17663067	-0.17663067	0.02775851	0.02928372	6.3631166	-6.0317012000000005	6.1996239	0.3903743	u25to0.d0to25	PTBP1_s12	0.307855216441471	0.379096251953801	1.0	-0.37821220734495	0.35263647884641497	1.0	0.344832791418511	0.37821220734495	False
u50to0.d0to0|RBMX_849	-0.7725978659999999	0.7725978659999999	0.09261866	0.10215505	-8.34170865	7.5629927	7.96187674	0.2245989	u50to0.d0to0	RBMX_849	-0.3882647316252171	0.348910067043407	1.0	0.289921660369502	0.3859380851916121	1.0	0.342639804295568	0.3882647316252171	False
u50to0.d0to0|RBMX_1361	-0.256975921	0.256975921	0.03155768	0.03326122	-8.14305557	7.725991199999998	7.937263199999999	0.8128342	u50to0.d0to0	RBMX_1361	-0.379035465934188	0.352330763694508	1.0	0.29747074649815897	0.383053569310114	1.0	0.34070275127896993	0.379035465934188	False
u50to0.d0to0|SNRPA_M319_0.6	-0.7122380840000001	0.7122380840000001	0.07766662	0.13455015	-9.17045296	5.2934766	7.48725924	0.2994652	u50to0.d0to0	SNRPA_M319_0.6	-0.426767539771552	0.33477432575198	1.0	0.184811659300339	0.4266883812971261	1.0	0.328850940713272	0.426767539771552	False
u25to0.d0to25|RBM5_M145_0.6	-0.16666317	0.16666317	0.03458826	0.03648780000000001	-4.8184897000000015	4.5676415	4.6947413000000005	0.7860963000000001	u25to0.d0to25	RBM5_M145_0.6	-0.28419868708564	0.38812906077851705	1.0	0.35928518752050503	0.35969087711852504	1.0	0.323924944788794	0.35928518752050503	False
u50to0.d0to0|SRSF1_325	-0.17805191899999998	0.17805191899999998	0.02346985	0.02377552	-7.586412200000001	7.4888765	7.53780209	0.5508021	u50to0.d0to0	SRSF1_325	-0.353174253226688	0.361978904349666	1.0	0.286489054687065	0.387251787708702	1.0	0.321564948025836	0.353174253226688	False
u50to0.d0to0|PPRC1_M044_0.6	0.161782127	-0.161782127	0.02782847	0.028461700000000003	5.81354708	-5.6842047	5.74923965	0.4171123	u50to0.d0to0	PPRC1_M044_0.6	0.269377304715893	0.393819674548388	1.0	-0.3236068944080661	0.3731178338206699	1.0	0.297729369062268	0.3236068944080661	False
u0to0.d0to50|SRSF1_1223	0.45256548	-0.45256548	0.0446375	0.04682215	10.1386831	-9.665627	9.90498	0.2887701	u0to0.d0to50	SRSF1_1223	0.230104537028084	0.409005269722701	1.0	-0.344674008724652	0.365169730058448	1.0	0.29304288956672403	0.344674008724652	False
u25to0.d0to25|SRSF1_1234	-0.21923166	0.21923166	0.05377877	0.05265225	-4.0765462	4.1637663	4.120387	0.21390370000000006	u25to0.d0to25	SRSF1_1234	-0.244913584964707	0.40326167134789503	1.0	0.3311837366776369	0.370252851983528	1.0	0.2912604775283	0.3311837366776369	False
u0to0.d0to50|SART3_M062_0.6	0.29636156	-0.29636156	0.02901948	0.03105533	10.2125038	-9.5430177	9.883431	0.4545455	u0to0.d0to50	SART3_M062_0.6	0.233945976002727	0.407513459861793	1.0	-0.33607056903716	0.368408825737401	1.0	0.289546323634776	0.33607056903716	False
u50to0.d0to0|PTBP1_997	0.221160124	-0.221160124	0.04479879	0.03764725	4.93674359	-5.8745358	5.42593806	0.2032086	u50to0.d0to0	PTBP1_997	0.22864170490525	0.4095737036103839	1.0	-0.332421858146149	0.36978536784169896	1.0	0.285290484414848	0.332421858146149	False
u50to0.d0to0|PTBP1_991	-0.242203185	0.242203185	0.03738631	0.03564915	-6.47839228	6.7940802	6.63811314	0.2994652	u50to0.d0to0	PTBP1_991	-0.30169652012215803	0.38144171064555	1.0	0.254310371382791	0.399627893969021	1.0	0.279011249994219	0.30169652012215803	False
u50to0.d0to0|RBM41_M051_0.6	0.499122136	-0.499122136	0.09653707	0.09697267	5.17026401	-5.1470391	5.158664599999999	0.5026738000000001	u50to0.d0to0	RBM41_M051_0.6	0.239490879760534	0.40536248381466905	1.0	-0.298728693812654	0.3825735308426911	1.0	0.27073484629383104	0.298728693812654	False
u50to0.d0to0|PCBP2_370	0.446793618	-0.446793618	0.08202342	0.09240043	5.44714662	-4.8354065	5.15036707	0.1925134	u50to0.d0to0	PCBP2_370	0.252354627822812	0.400383483573578	1.0	-0.284295792050386	0.3880918553111	1.0	0.268800070276355	0.284295792050386	False
u0to0.d0to50|PCBP2_370	1.07696362	-1.07696362	0.10928181	0.11935635	9.8549214	-9.0230945	9.448167	0.11229949999999997	u0to0.d0to50	PCBP2_370	0.215338309480918	0.414751781750943	1.0	-0.299587790868391	0.382245799067818	1.0	0.260886404367401	0.299587790868391	False
u0to0.d0to50|SRSF1_1216	0.72517753	-0.72517753	0.07626171	0.08124612	9.5090643	-8.9256885	9.221991	0.27272729999999995	u0to0.d0to50	SRSF1_1216	0.197340797352246	0.421780427671419	1.0	-0.29275285545811	0.384855533017484	1.0	0.249647375991114	0.29275285545811	False
u50to0.d0to0|RBM5_M145_0.6	0.105328027	-0.105328027	0.02242805	0.023477599999999998	4.69626373	-4.4863205000000015	4.59249198	0.8074865999999999	u50to0.d0to0	RBM5_M145_0.6	0.21746919994695	0.413921353756	1.0	-0.268128279586724	0.3943002892938521	1.0	0.24411639359095	0.268128279586724	False
u25to0.d0to25|RBM5_1152	0.07890981	-0.07890981	0.01684225	0.01794031	4.6852309000000005	-4.398464700000001	4.5441105	0.5882353	u25to0.d0to25	RBM5_1152	0.219012991835752	0.413319963710198	1.0	-0.2645723621167	0.395669456723245	1.0	0.242863362190407	0.2645723621167	False
u0to0.d0to50|SFPQ_s69	0.04123288	-0.04123288	0.03551634	0.03183131	1.1609552	-1.2953561000000002	1.229993	0.25133690000000003	u0to0.d0to50	SFPQ_s69	-0.23707328516544696	0.406299968495761	1.0	0.242664152867666	0.40413278967898497	1.0	0.239885007478708	0.242664152867666	False
u25to0.d0to25|RBMX_843	-0.21911389	0.21911389	0.06530828	0.07000316	-3.3550705	3.1300573	3.2445151	0.25133690000000003	u25to0.d0to25	RBMX_843	-0.206712230613235	0.418117302525951	1.0	0.25925873942766803	0.397717806198459	1.0	0.23446219338597304	0.25925873942766803	False
u50to0.d0to0|RBFOX1_621	0.117373656	-0.117373656	0.02691476	0.02743954	4.36094041	-4.2775374	4.31944023	0.2566845	u50to0.d0to0	RBFOX1_621	0.20189034251026705	0.420001226090651	1.0	-0.25845873290925303	0.398026446768137	1.0	0.231905828965088	0.25845873290925303	False
u0to0.d0to50|PPIE_45	0.08782743	-0.08782743	0.05213666	0.05522138	1.684562	-1.5904606	1.638187	0.1657754	u0to0.d0to50	PPIE_45	-0.209826136751679	0.416901686476318	1.0	0.221956802224138	0.412173755689184	1.0	0.215976653504145	0.221956802224138	False
u50to0.d0to0|PPIE_75	-0.054629439	0.054629439	0.01081348	0.01136967	-5.05197422	4.8048404	4.92995612	0.2941176	u50to0.d0to0	PPIE_75	-0.235426260118022	0.406938953074405	1.0	0.162181041476375	0.43558164442792496	1.0	0.20214872515986895	0.235426260118022	False
u50to0.d0to0|RBM14_M050_0.6	-0.265391164	0.265391164	0.05499237	0.05671810000000001	-4.82596371	4.679126200000002	4.75311201	0.3208556	u50to0.d0to0	RBM14_M050_0.6	-0.22492598976855105	0.411018425188986	1.0	0.1563587343791	0.43787513112144894	1.0	0.193700483595158	0.22492598976855105	False
u0to0.d0to50|RBM6_M161_0.6	0.90126113	-0.90126113	0.10659221	0.11291468	8.455225500000001	-7.9817887	8.221915	0.5614973000000001	u0to0.d0to50	RBM6_M161_0.6	0.14250174219141398	0.443341851672823	1.0	-0.226519829086244	0.410398569308474	1.0	0.189232633941466	0.226519829086244	False
u25to0.d0to25|SF1_1199	1.07525591	-1.07525591	0.29257513	0.30262495	3.6751445	-3.5530973	3.6146361	0.2620321	u25to0.d0to25	SF1_1199	0.16553001452688	0.43426341375027	1.0	-0.205752086855275	0.418492284741444	1.0	0.18672721675557896	0.205752086855275	False
u25to0.d0to25|RBM3_M048_0.6	0.14878404	-0.14878404	0.04080039	0.04249752	3.6466328	-3.5010053999999995	3.5745608	0.8288770000000001	u25to0.d0to25	RBM3_M048_0.6	0.16402035099301002	0.434857561499026	1.0	-0.202127556388532	0.4199085027868111	1.0	0.18406279443639495	0.202127556388532	False
u25to0.d0to25|RBMX_848	-0.18715316	0.18715316	0.07779639999999999	0.08518091	-2.4056789000000003	2.1971257	2.3037635	0.1657754	u25to0.d0to25	RBMX_848	-0.15644297701271698	0.43784193171548	1.0	0.194345787364362	0.42295256795069897	1.0	0.17641526311926	0.194345787364362	False
u0to0.d0to50|RBMX_1377	0.7974528000000001	-0.7974528000000001	0.09978655	0.10226747	7.991586099999999	-7.797717	7.895247	0.2887701	u0to0.d0to50	RBMX_1377	0.118375142723511	0.452885210257405	1.0	-0.213603600308132	0.415428095778854	1.0	0.17268348571795694	0.213603600308132	False
u25to0.d0to25|RBMX_1377	2.4907249	-2.4907249	0.74564433	0.75786151	3.3403659	-3.2865172	3.3135509	0.2941176	u25to0.d0to25	RBMX_1377	0.147803851431034	0.44124878486198105	1.0	-0.187203565985865	0.425750514507196	1.0	0.168658165553393	0.187203565985865	False
u0to0.d0to50|SFPQ_s26	0.09138332	-0.09138332	0.03589086	0.03790599	2.5461451	-2.4107888	2.479391	0.6256684	u0to0.d0to50	SFPQ_s26	-0.164991572730559	0.434475307569395	1.0	0.164394739699933	0.434710202175312	1.0	0.164693426573607	0.164991572730559	False
u25to0.d0to25|SNRPA_M348_0.6	0.10483551	-0.10483551	0.03126621	0.03303099	3.3529972000000003	-3.1738527000000003	3.264654	0.684492	u25to0.d0to25	SNRPA_M348_0.6	0.148472665040722	0.4409848784902341	1.0	-0.179364421843104	0.4288257827904279	1.0	0.164644659930721	0.179364421843104	False
u50to0.d0to0|RBM14_M109_0.6	0.154196166	-0.154196166	0.0518145	0.05615616	2.97592717	-2.7458461	2.86319866	0.27272729999999995	u50to0.d0to0	RBM14_M109_0.6	0.13754371784402405	0.445300519622127	1.0	-0.18752023012417496	0.425626381834596	1.0	0.16444164774195702	0.18752023012417496	False
u0to0.d0to50|QKI_M046_0.6	1.72225459	-1.72225459	0.2172738	0.23217779	7.926655499999999	-7.4178266000000015	7.676458	0.4064171	u0to0.d0to50	QKI_M046_0.6	0.114996321640983	0.4542240188039121	1.0	-0.186946861021167	0.425851148522474	1.0	0.15519871590419798	0.186946861021167	False
u25to0.d0to25|SF1_1198	0.78253283	-0.78253283	0.30914395	0.23746183	2.5312895	-3.2954046000000004	2.9382919	0.3315508	u25to0.d0to25	SF1_1198	0.104964135202457	0.458202133715434	1.0	-0.18782194719427	0.425508115285383	1.0	0.15214229117284694	0.18782194719427	False
u25to0.d0to25|RBM41_M051_0.6	0.17351123	-0.17351123	0.05876699999999999	0.06196901	2.9525283	-2.7999678	2.8772594	0.5454545	u25to0.d0to25	RBM41_M051_0.6	0.127268271939687	0.44936403569763705	1.0	-0.15334968229425194	0.43906126157945	1.0	0.140913693625322	0.15334968229425194	False
u50to0.d0to0|RBM8A_M054_0.6	-0.129763082	0.129763082	0.03600242	0.038101300000000005	-3.60428814	3.4057394	3.50641939	0.4331551	u50to0.d0to0	RBM8A_M054_0.6	-0.168167904649662	0.433225594850684	1.0	0.0973833043702721	0.461211001444046	1.0	0.137411702784608	0.168167904649662	False
u50to0.d0to0|QKI_1139	0.161614989	-0.161614989	0.07250009	0.07644446	2.22916938	-2.1141492000000004	2.17242064	0.3529412	u50to0.d0to0	QKI_1139	0.102849938866342	0.459041034951037	1.0	-0.15826392221149402	0.43712441785639	1.0	0.13346456270968698	0.15826392221149402	False
u25to0.d0to25|SFPQ_s26	0.10266788	-0.10266788	0.03707335	0.03832334	2.7693174	-2.6789907000000004	2.7245284	0.6951871999999999	u25to0.d0to25	SFPQ_s26	0.117567453863691	0.453205197054627	1.0	-0.14493215126297598	0.442382220697608	1.0	0.131961044777816	0.14493215126297598	False
u50to0.d0to0|RBM3_M048_0.6	0.062812323	-0.062812323	0.03029355	0.02995973	2.0734553	-2.0965582	2.08503876	0.7807487	u50to0.d0to0	RBM3_M048_0.6	0.0956155853080976	0.461912943314843	1.0	-0.157449215486651	0.437445414380042	1.0	0.130254741969673	0.157449215486651	False
u50to0.d0to0|SF1_1201	0.188390591	-0.188390591	0.09256815	0.09213902	2.03515553	-2.0446341	2.03990032	0.2406417	u50to0.d0to0	SF1_1201	0.093836208148502	0.46261963431318	1.0	-0.15504441112923098	0.438393152793821	1.0	0.128148358128575	0.15504441112923098	False
u25to0.d0to25|QKI_1139	-0.24133508	0.24133508	0.1651039	0.16558813	-1.4617163999999998	1.4574419	1.4595806999999998	0.3903743	u25to0.d0to25	QKI_1139	-0.10646118835787803	0.457608223780736	1.0	0.14287892843129002	0.443192900244925	1.0	0.125992803001293	0.14287892843129002	False
u0to0.d0to50|RBMS3_M164_0.6	0.07294309	-0.07294309	0.02349248	0.02291157	3.1049545	-3.1836789	3.144563	0.4973262	u0to0.d0to50	RBMS3_M164_0.6	-0.135912571738195	0.44594519844539	1.0	0.110161387414178	0.456140692111816	1.0	0.123708848579046	0.135912571738195	False
u0to0.d0to50|SRSF1_167	0.26761776	-0.26761776	0.03538197	0.03983873	7.5636757	-6.7175273	7.153124000000001	0.3796791	u0to0.d0to50	SRSF1_167	0.0961077883335475	0.461717482874059	1.0	-0.137807172671727	0.445196407738887	1.0	0.11880135482843	0.137807172671727	False
u50to0.d0to0|SRP14_342	-0.23156384	0.23156384	0.07455953	0.07483445	-3.10575782	3.0943482	3.10005825	0.6256684	u50to0.d0to0	SRP14_342	-0.145006578490945	0.442352838903032	1.0	0.082961582768505	0.466941043389386	1.0	0.118130292518698	0.145006578490945	False
u50to0.d0to0|RBM5_1153	0.591866535	-0.591866535	0.33553792	0.359615	1.76393336	-1.6458338	1.70590591	0.0855615	u50to0.d0to0	RBM5_1153	0.0812354396719826	0.467627357929113	1.0	-0.136574438627435	0.445683591082551	1.0	0.112364972177942	0.136574438627435	False
u0to0.d0to50|SF1_1203	0.26146183	-0.26146183	0.07346591	0.07609259	3.5589543	-3.4361008	3.498067	0.2834225	u0to0.d0to50	SF1_1203	-0.112287592210769	0.455297689782613	1.0	0.0924490557031888	0.46317063273049	1.0	0.102847778937863	0.112287592210769	False
u0to0.d0to50|SNRPA_M319_0.6	0.20113125	-0.20113125	0.05582326	0.05754853	3.6030007	-3.4949848	3.549404	0.3101604	u0to0.d0to50	SNRPA_M319_0.6	-0.109995531072731	0.45620645954851	1.0	0.0883171917861916	0.46481228763886	1.0	0.0997470381038231	0.109995531072731	False
u50to0.d0to0|RBM28_M047_0.6	0.082934407	-0.082934407	0.06244381	0.06210202	1.32814448	-1.3354543	1.33180439	0.4705882000000001	u50to0.d0to0	RBM28_M047_0.6	0.0609890314173709	0.475683972227734	1.0	-0.122199572735606	0.451370482413708	1.0	0.0965722463495432	0.122199572735606	False
u0to0.d0to50|RBMY1A1_410	0.27105271	-0.27105271	0.0398862	0.04178897	6.7956517000000005	-6.4862263	6.642741	0.2834225	u0to0.d0to50	RBMY1A1_410	0.0561417987525574	0.477614422919634	1.0	-0.121576885057683	0.4516170603596579	1.0	0.0946911837171279	0.121576885057683	False
u25to0.d0to25|SF1_1190	0.08421149	-0.08421149	0.0429075	0.03994091	1.9626286	-2.1084018	2.0368198	0.3048128	u25to0.d0to25	SF1_1190	0.0748541584607219	0.47016537521249	1.0	-0.105230837775948	0.4580963207769821	1.0	0.0913144957219026	0.105230837775948	False
u25to0.d0to25|SF1_1205	0.18766158	-0.18766158	0.08683241	0.09464882	2.1611928	-1.9827144	2.0738744	0.27272729999999995	u25to0.d0to25	SF1_1205	0.0853679170886516	0.465984449240905	1.0	-0.0964855662349669	0.461567468458016	1.0	0.0910965031154794	0.0964855662349669	False
u0to0.d0to50|RBM46_M052_0.6	0.15546783	-0.15546783	0.02382637	0.02502123	6.5250316	-6.2134374	6.3711400000000005	0.631016	u0to0.d0to50	RBM46_M052_0.6	0.0420594262003891	0.483225662365816	1.0	-0.10243541007522	0.459205539156079	1.0	0.0783007297845443	0.10243541007522	False
u0to0.d0to50|SF1_1198	2.71608085	-2.71608085	0.48160487	0.44799352	5.6396458	-6.0627682	5.85503	0.3101604	u0to0.d0to50	SF1_1198	-0.0040137689835589895	0.498398742148164	1.0	-0.0918630197674478	0.463403436567203	1.0	0.0650189385573461	0.0918630197674478	False
u50to0.d0to0|SRSF1_1234	-0.054448447	0.054448447	0.02916715	0.03004238	-1.86677321	1.8123881	1.83978162	0.2941176	u50to0.d0to0	SRSF1_1234	-0.0874443290016028	0.465159167426941	1.0	0.0235890903320665	0.49059018719259	1.0	0.0640427820180969	0.0874443290016028	False
u50to0.d0to0|RBMX_526	0.0028644290000000004	-0.0028644290000000004	0.03648004	0.03794997	0.07852046	-0.07547910000000001	0.07701479	0.5561497	u50to0.d0to0	RBMX_526	0.0029324833161687	0.498830110095345	1.0	-0.0638452853969443	0.474546709628252	1.0	0.0451930300257511	0.0638452853969443	False
u25to0.d0to25|SRSF1_1216	-0.01095702	0.01095702	0.06953150000000001	0.07488884	-0.1575836	0.1463105	0.1520515	0.23529410000000006	u25to0.d0to25	SRSF1_1216	-0.0374087736830975	0.485079538590584	1.0	0.0516510080597472	0.479403387498427	1.0	0.0450956925995226	0.0516510080597472	False
u50to0.d0to0|PCBP2_777	-0.192811743	0.192811743	0.14520904	0.16054222	-1.32782193	1.2010033000000002	1.26600159	0.16042779999999998	u50to0.d0to0	PCBP2_777	-0.0624050768659689	0.475120126043944	1.0	-0.00472648627110035	0.498114411809294	1.0	0.0442534365395411	0.0624050768659689	False
u0to0.d0to50|SNRPA_518	0.3317452	-0.3317452	0.05880166	0.05878468	5.6417655999999985	-5.6433958	5.642581	0.315508	u0to0.d0to50	SNRPA_518	-0.00390346005478361	0.49844274869893	1.0	-0.0624358462170006	0.475107874739606	1.0	0.0442350081566187	0.0624358462170006	False
u50to0.d0to0|PTBP1_992	-0.007384108	0.007384108	0.07728259	0.078786	-0.09554684	0.0937236	0.09463961	0.16042779999999998	u50to0.d0to0	PTBP1_992	-0.00515454639321253	0.497943642613474	1.0	-0.0560088589543624	0.477667374908122	1.0	0.0397716081513524	0.0560088589543624	False
u50to0.d0to0|RBMX_842	-0.099909441	0.099909441	0.08991666	0.09904325	-1.11113377	1.0087456	1.06117528	0.197861	u50to0.d0to0	RBMX_842	-0.0523379155577211	0.479129721228247	1.0	-0.013630678249538	0.494562314519048	1.0	0.0382429914786329	0.0523379155577211	False
u0to0.d0to50|SF1_1205	0.44805066	-0.44805066	0.08769194	0.08450579	5.1093712	-5.3020117	5.206582	0.2566845	u0to0.d0to50	SF1_1205	-0.0316078925248333	0.487392374605735	1.0	-0.0384810767613492	0.484652059432486	1.0	0.0352125839620885	0.0384810767613492	False
u0to0.d0to50|RBM5_1153	0.31124379	-0.31124379	0.06241423	0.06079882	4.986743700000001	-5.1192402	5.053426	0.2085561	u0to0.d0to50	RBM5_1153	-0.0379891115848404	0.484848181729704	1.0	-0.0256560824351237	0.489765826727247	1.0	0.0324145581870501	0.0379891115848404	False
u50to0.d0to0|SRSF1_1216	-0.032081824	0.032081824	0.05384293	0.05689688	-0.59584101	0.5638591	0.58007053	0.2941176	u50to0.d0to0	SRSF1_1216	-0.0283978196341959	0.488672431590626	1.0	-0.0342350795536999	0.486344846744378	1.0	0.0314521607526771	0.0342350795536999	False
u25to0.d0to25|RBM5_1153	0.0153475	-0.0153475	0.04702676	0.047642699999999996	0.3263568	-0.3221376	0.3242541	0.1657754	u25to0.d0to25	RBM5_1153	-0.0117846553581238	0.4952987115356071	1.0	0.0190566045049237	0.492397974862744	1.0	0.0158434888387444	0.0190566045049237	False
u25to0.d0to25|PTBP1_997	0.03214427	-0.03214427	0.06678214	0.06672259	0.4813302	-0.4817598	0.4815451	0.2459893	u25to0.d0to25	PTBP1_997	-0.00357898222394555	0.498572195718215	1.0	0.007950165172351479	0.4968283763870879	1.0	0.0061649914852734715	0.007950165172351479	False
